task,model,layer,score_key,direction,auroc,auroc_boot_mean,auroc_ci95_lo,auroc_ci95_hi,spearman_rho_boot_mean,spearman_ci95_lo,spearman_ci95_hi,N,pos_rate,results_file,manifest_file,boot_file
medqa,biomistral,4,hidden_probe_oof,-1.0,0.5423741155624597,0.5422529444842248,0.5060535173206144,0.5773681080621869,0.07277211756680003,0.01042595547632998,0.1332508457616686,1000,0.553,C:\Users\nikla\Desktop\Peojekt\uqlm_white_box_scorer\phase_2_medical\outputs\ablations\hidden_layers\medqa_biomistral\layer_4\medqa_biomistral_layer4.B5000.results.jsonl,C:\Users\nikla\Desktop\Peojekt\uqlm_white_box_scorer\phase_2_medical\outputs\ablations\hidden_layers\medqa_biomistral\layer_4\medqa_biomistral_layer4.B5000.manifest.json,C:\Users\nikla\Desktop\Peojekt\uqlm_white_box_scorer\phase_2_medical\outputs\ablations\hidden_layers\medqa_biomistral\layer_4\medqa_biomistral_layer4.B5000.manifest.bootstrap_indices.npz
medqa,biomistral,16,hidden_probe_oof,1.0,0.5152169779644081,0.514711322823242,0.47903331836515084,0.5505557443434428,0.025337266625731818,-0.036110850523753256,0.08707200833195675,1000,0.553,C:\Users\nikla\Desktop\Peojekt\uqlm_white_box_scorer\phase_2_medical\outputs\ablations\hidden_layers\medqa_biomistral\layer_16\medqa_biomistral_layer16.B5000.results.jsonl,C:\Users\nikla\Desktop\Peojekt\uqlm_white_box_scorer\phase_2_medical\outputs\ablations\hidden_layers\medqa_biomistral\layer_16\medqa_biomistral_layer16.B5000.manifest.json,C:\Users\nikla\Desktop\Peojekt\uqlm_white_box_scorer\phase_2_medical\outputs\ablations\hidden_layers\medqa_biomistral\layer_16\medqa_biomistral_layer16.B5000.manifest.bootstrap_indices.npz
medqa,biomistral,24,hidden_probe_oof,1.0,0.5172113871459721,0.5169543510888341,0.481174173007917,0.5527026671683031,0.029200427341633986,-0.03242366531721976,0.09076964695935161,1000,0.553,C:\Users\nikla\Desktop\Peojekt\uqlm_white_box_scorer\phase_2_medical\outputs\ablations\hidden_layers\medqa_biomistral\layer_24\medqa_biomistral_layer24.B5000.results.jsonl,C:\Users\nikla\Desktop\Peojekt\uqlm_white_box_scorer\phase_2_medical\outputs\ablations\hidden_layers\medqa_biomistral\layer_24\medqa_biomistral_layer24.B5000.manifest.json,C:\Users\nikla\Desktop\Peojekt\uqlm_white_box_scorer\phase_2_medical\outputs\ablations\hidden_layers\medqa_biomistral\layer_24\medqa_biomistral_layer24.B5000.manifest.bootstrap_indices.npz
medqa,biomistral,32,hidden_probe_oof,1.0,0.5171102507777386,0.5168257566011707,0.4797381377153699,0.5529411467245976,0.028978949401600555,-0.034896941465878475,0.09118037275837428,1000,0.553,C:\Users\nikla\Desktop\Peojekt\uqlm_white_box_scorer\phase_2_medical\outputs\ablations\hidden_layers\medqa_biomistral\layer_32\medqa_biomistral_layer32.B5000.results.jsonl,C:\Users\nikla\Desktop\Peojekt\uqlm_white_box_scorer\phase_2_medical\outputs\ablations\hidden_layers\medqa_biomistral\layer_32\medqa_biomistral_layer32.B5000.manifest.json,C:\Users\nikla\Desktop\Peojekt\uqlm_white_box_scorer\phase_2_medical\outputs\ablations\hidden_layers\medqa_biomistral\layer_32\medqa_biomistral_layer32.B5000.manifest.bootstrap_indices.npz
medqa,mistral,4,hidden_probe_oof,-1.0,0.5180242883886143,0.5178383694139106,0.48212751404022464,0.5529741475863614,0.030896791950488358,-0.030955879815091077,0.09175340062561077,1000,0.498,C:\Users\nikla\Desktop\Peojekt\uqlm_white_box_scorer\phase_2_medical\outputs\ablations\hidden_layers\medqa_mistral\layer_4\medqa_mistral_layer4.B5000.results.jsonl,C:\Users\nikla\Desktop\Peojekt\uqlm_white_box_scorer\phase_2_medical\outputs\ablations\hidden_layers\medqa_mistral\layer_4\medqa_mistral_layer4.B5000.manifest.json,C:\Users\nikla\Desktop\Peojekt\uqlm_white_box_scorer\phase_2_medical\outputs\ablations\hidden_layers\medqa_mistral\layer_4\medqa_mistral_layer4.B5000.manifest.bootstrap_indices.npz
medqa,mistral,16,hidden_probe_oof,1.0,0.5748771980351686,0.574861364181827,0.5388777220435528,0.6094223507576121,0.12966297240619415,0.06733781307907721,0.18952401357989423,1000,0.498,C:\Users\nikla\Desktop\Peojekt\uqlm_white_box_scorer\phase_2_medical\outputs\ablations\hidden_layers\medqa_mistral\layer_16\medqa_mistral_layer16.B5000.results.jsonl,C:\Users\nikla\Desktop\Peojekt\uqlm_white_box_scorer\phase_2_medical\outputs\ablations\hidden_layers\medqa_mistral\layer_16\medqa_mistral_layer16.B5000.manifest.json,C:\Users\nikla\Desktop\Peojekt\uqlm_white_box_scorer\phase_2_medical\outputs\ablations\hidden_layers\medqa_mistral\layer_16\medqa_mistral_layer16.B5000.manifest.bootstrap_indices.npz
medqa,mistral,24,hidden_probe_oof,1.0,0.5652690443047088,0.5652081193299093,0.5299675794812716,0.6004459071345143,0.1129431538484514,0.05190509328282387,0.17397646369276681,1000,0.498,C:\Users\nikla\Desktop\Peojekt\uqlm_white_box_scorer\phase_2_medical\outputs\ablations\hidden_layers\medqa_mistral\layer_24\medqa_mistral_layer24.B5000.results.jsonl,C:\Users\nikla\Desktop\Peojekt\uqlm_white_box_scorer\phase_2_medical\outputs\ablations\hidden_layers\medqa_mistral\layer_24\medqa_mistral_layer24.B5000.manifest.json,C:\Users\nikla\Desktop\Peojekt\uqlm_white_box_scorer\phase_2_medical\outputs\ablations\hidden_layers\medqa_mistral\layer_24\medqa_mistral_layer24.B5000.manifest.bootstrap_indices.npz
medqa,mistral,32,hidden_probe_oof,1.0,0.5365845853533656,0.5366386822189155,0.4998199971199539,0.573285272564361,0.06345970966211259,-0.00031177237126051683,0.12693312610060464,1000,0.498,C:\Users\nikla\Desktop\Peojekt\uqlm_white_box_scorer\phase_2_medical\outputs\ablations\hidden_layers\medqa_mistral\layer_32\medqa_mistral_layer32.B5000.results.jsonl,C:\Users\nikla\Desktop\Peojekt\uqlm_white_box_scorer\phase_2_medical\outputs\ablations\hidden_layers\medqa_mistral\layer_32\medqa_mistral_layer32.B5000.manifest.json,C:\Users\nikla\Desktop\Peojekt\uqlm_white_box_scorer\phase_2_medical\outputs\ablations\hidden_layers\medqa_mistral\layer_32\medqa_mistral_layer32.B5000.manifest.bootstrap_indices.npz
pubmedqa,biomistral,4,hidden_probe_oof,1.0,0.5605442455242966,0.5605518158567775,0.5237948849104859,0.5962789769820972,0.10369248612868041,0.04074775846865452,0.16487376034338108,1000,0.425,C:\Users\nikla\Desktop\Peojekt\uqlm_white_box_scorer\phase_2_medical\outputs\ablations\hidden_layers\pubmedqa_biomistral\layer_4\pubmedqa_biomistral_layer4.B5000.results.jsonl,C:\Users\nikla\Desktop\Peojekt\uqlm_white_box_scorer\phase_2_medical\outputs\ablations\hidden_layers\pubmedqa_biomistral\layer_4\pubmedqa_biomistral_layer4.B5000.manifest.json,C:\Users\nikla\Desktop\Peojekt\uqlm_white_box_scorer\phase_2_medical\outputs\ablations\hidden_layers\pubmedqa_biomistral\layer_4\pubmedqa_biomistral_layer4.B5000.manifest.bootstrap_indices.npz
pubmedqa,biomistral,16,hidden_probe_oof,1.0,0.6609145780051151,0.6612160736572891,0.6267293094629157,0.6954685421994884,0.2760758602119755,0.2170187351260236,0.33473177407700955,1000,0.425,C:\Users\nikla\Desktop\Peojekt\uqlm_white_box_scorer\phase_2_medical\outputs\ablations\hidden_layers\pubmedqa_biomistral\layer_16\pubmedqa_biomistral_layer16.B5000.results.jsonl,C:\Users\nikla\Desktop\Peojekt\uqlm_white_box_scorer\phase_2_medical\outputs\ablations\hidden_layers\pubmedqa_biomistral\layer_16\pubmedqa_biomistral_layer16.B5000.manifest.json,C:\Users\nikla\Desktop\Peojekt\uqlm_white_box_scorer\phase_2_medical\outputs\ablations\hidden_layers\pubmedqa_biomistral\layer_16\pubmedqa_biomistral_layer16.B5000.manifest.bootstrap_indices.npz
pubmedqa,biomistral,24,hidden_probe_oof,1.0,0.6657023017902813,0.6658931265473146,0.6321919181585677,0.699631304347826,0.2840851198832659,0.22637316802321014,0.3418602950998803,1000,0.425,C:\Users\nikla\Desktop\Peojekt\uqlm_white_box_scorer\phase_2_medical\outputs\ablations\hidden_layers\pubmedqa_biomistral\layer_24\pubmedqa_biomistral_layer24.B5000.results.jsonl,C:\Users\nikla\Desktop\Peojekt\uqlm_white_box_scorer\phase_2_medical\outputs\ablations\hidden_layers\pubmedqa_biomistral\layer_24\pubmedqa_biomistral_layer24.B5000.manifest.json,C:\Users\nikla\Desktop\Peojekt\uqlm_white_box_scorer\phase_2_medical\outputs\ablations\hidden_layers\pubmedqa_biomistral\layer_24\pubmedqa_biomistral_layer24.B5000.manifest.bootstrap_indices.npz
pubmedqa,biomistral,32,hidden_probe_oof,1.0,0.6442148337595908,0.6445176626086957,0.6099556010230178,0.6779220460358055,0.24748052173073984,0.18829442096367846,0.30468422104989296,1000,0.425,C:\Users\nikla\Desktop\Peojekt\uqlm_white_box_scorer\phase_2_medical\outputs\ablations\hidden_layers\pubmedqa_biomistral\layer_32\pubmedqa_biomistral_layer32.B5000.results.jsonl,C:\Users\nikla\Desktop\Peojekt\uqlm_white_box_scorer\phase_2_medical\outputs\ablations\hidden_layers\pubmedqa_biomistral\layer_32\pubmedqa_biomistral_layer32.B5000.manifest.json,C:\Users\nikla\Desktop\Peojekt\uqlm_white_box_scorer\phase_2_medical\outputs\ablations\hidden_layers\pubmedqa_biomistral\layer_32\pubmedqa_biomistral_layer32.B5000.manifest.bootstrap_indices.npz
pubmedqa,mistral,4,hidden_probe_oof,1.0,0.6104046335322678,0.6102907629557581,0.575694769664293,0.6441515464453971,0.1909651026162988,0.1310631962872134,0.24959398100097763,1000,0.513,C:\Users\nikla\Desktop\Peojekt\uqlm_white_box_scorer\phase_2_medical\outputs\ablations\hidden_layers\pubmedqa_mistral\layer_4\pubmedqa_mistral_layer4.B5000.results.jsonl,C:\Users\nikla\Desktop\Peojekt\uqlm_white_box_scorer\phase_2_medical\outputs\ablations\hidden_layers\pubmedqa_mistral\layer_4\pubmedqa_mistral_layer4.B5000.manifest.json,C:\Users\nikla\Desktop\Peojekt\uqlm_white_box_scorer\phase_2_medical\outputs\ablations\hidden_layers\pubmedqa_mistral\layer_4\pubmedqa_mistral_layer4.B5000.manifest.bootstrap_indices.npz
pubmedqa,mistral,16,hidden_probe_oof,1.0,0.6863159495819173,0.6865352922575662,0.6532202769071894,0.7194677602058991,0.32298018676266166,0.26529622643641354,0.3800018245723876,1000,0.513,C:\Users\nikla\Desktop\Peojekt\uqlm_white_box_scorer\phase_2_medical\outputs\ablations\hidden_layers\pubmedqa_mistral\layer_16\pubmedqa_mistral_layer16.B5000.results.jsonl,C:\Users\nikla\Desktop\Peojekt\uqlm_white_box_scorer\phase_2_medical\outputs\ablations\hidden_layers\pubmedqa_mistral\layer_16\pubmedqa_mistral_layer16.B5000.manifest.json,C:\Users\nikla\Desktop\Peojekt\uqlm_white_box_scorer\phase_2_medical\outputs\ablations\hidden_layers\pubmedqa_mistral\layer_16\pubmedqa_mistral_layer16.B5000.manifest.bootstrap_indices.npz
pubmedqa,mistral,24,hidden_probe_oof,1.0,0.7226284968638801,0.7225967449996198,0.6914579255576769,0.7530071328217874,0.3854194956984295,0.331503600803267,0.43807407626673556,1000,0.513,C:\Users\nikla\Desktop\Peojekt\uqlm_white_box_scorer\phase_2_medical\outputs\ablations\hidden_layers\pubmedqa_mistral\layer_24\pubmedqa_mistral_layer24.B5000.results.jsonl,C:\Users\nikla\Desktop\Peojekt\uqlm_white_box_scorer\phase_2_medical\outputs\ablations\hidden_layers\pubmedqa_mistral\layer_24\pubmedqa_mistral_layer24.B5000.manifest.json,C:\Users\nikla\Desktop\Peojekt\uqlm_white_box_scorer\phase_2_medical\outputs\ablations\hidden_layers\pubmedqa_mistral\layer_24\pubmedqa_mistral_layer24.B5000.manifest.bootstrap_indices.npz
pubmedqa,mistral,32,hidden_probe_oof,1.0,0.7258826967029712,0.7259419871833359,0.6954137997286165,0.7567450596603302,0.39121168075840995,0.33835319245929935,0.44454622564101126,1000,0.513,C:\Users\nikla\Desktop\Peojekt\uqlm_white_box_scorer\phase_2_medical\outputs\ablations\hidden_layers\pubmedqa_mistral\layer_32\pubmedqa_mistral_layer32.B5000.results.jsonl,C:\Users\nikla\Desktop\Peojekt\uqlm_white_box_scorer\phase_2_medical\outputs\ablations\hidden_layers\pubmedqa_mistral\layer_32\pubmedqa_mistral_layer32.B5000.manifest.json,C:\Users\nikla\Desktop\Peojekt\uqlm_white_box_scorer\phase_2_medical\outputs\ablations\hidden_layers\pubmedqa_mistral\layer_32\pubmedqa_mistral_layer32.B5000.manifest.bootstrap_indices.npz
