task,model,seed,score_key,direction,N,pos_rate,auroc,auroc_boot_mean,auroc_ci95_lo,auroc_ci95_hi,spearman_rho_boot_mean,spearman_ci95_lo,spearman_ci95_hi,manifest_file,results_file,boot_file
medqa,biomistral,0,egh_probe_oof,1.0,1000,0.553,0.5572694798758855,0.557367401725791,0.5210172498189659,0.5914843177947416,0.098803701061185,0.0361979413898951,0.15756317935569278,C:\Users\nikla\Desktop\Peojekt\uqlm_white_box_scorer\phase_2_medical\outputs\ablations\oof_seeds\medqa_biomistral\seed_0\medqa_biomistral_seed0.B5000.manifest.json,C:\Users\nikla\Desktop\Peojekt\uqlm_white_box_scorer\phase_2_medical\outputs\ablations\oof_seeds\medqa_biomistral\seed_0\medqa_biomistral_seed0.B5000.results.jsonl,C:\Users\nikla\Desktop\Peojekt\uqlm_white_box_scorer\phase_2_medical\outputs\ablations\oof_seeds\medqa_biomistral\seed_0\medqa_biomistral_seed0.B5000.manifest.bootstrap_indices.npz
medqa,biomistral,42,egh_probe_oof,1.0,1000,0.553,0.5668652984938772,0.5665613367800608,0.5302982309226469,0.6020697557758979,0.11463838764109102,0.052182547296367954,0.17579440349773698,C:\Users\nikla\Desktop\Peojekt\uqlm_white_box_scorer\phase_2_medical\outputs\ablations\oof_seeds\medqa_biomistral\seed_42\medqa_biomistral_seed42.B5000.manifest.json,C:\Users\nikla\Desktop\Peojekt\uqlm_white_box_scorer\phase_2_medical\outputs\ablations\oof_seeds\medqa_biomistral\seed_42\medqa_biomistral_seed42.B5000.results.jsonl,C:\Users\nikla\Desktop\Peojekt\uqlm_white_box_scorer\phase_2_medical\outputs\ablations\oof_seeds\medqa_biomistral\seed_42\medqa_biomistral_seed42.B5000.manifest.bootstrap_indices.npz
medqa,biomistral,123,egh_probe_oof,1.0,1000,0.553,0.5571197980509,0.5568416633291665,0.5219936203178919,0.5910061450457338,0.09789822386226654,0.037879543311085354,0.15673962881562642,C:\Users\nikla\Desktop\Peojekt\uqlm_white_box_scorer\phase_2_medical\outputs\ablations\oof_seeds\medqa_biomistral\seed_123\medqa_biomistral_seed123.B5000.manifest.json,C:\Users\nikla\Desktop\Peojekt\uqlm_white_box_scorer\phase_2_medical\outputs\ablations\oof_seeds\medqa_biomistral\seed_123\medqa_biomistral_seed123.B5000.results.jsonl,C:\Users\nikla\Desktop\Peojekt\uqlm_white_box_scorer\phase_2_medical\outputs\ablations\oof_seeds\medqa_biomistral\seed_123\medqa_biomistral_seed123.B5000.manifest.bootstrap_indices.npz
medqa,biomistral,999,egh_probe_oof,1.0,1000,0.553,0.5568042525820115,0.5571409978518636,0.5211280952785498,0.5927544894433857,0.0984137666676217,0.03638886776367655,0.15975074452398705,C:\Users\nikla\Desktop\Peojekt\uqlm_white_box_scorer\phase_2_medical\outputs\ablations\oof_seeds\medqa_biomistral\seed_999\medqa_biomistral_seed999.B5000.manifest.json,C:\Users\nikla\Desktop\Peojekt\uqlm_white_box_scorer\phase_2_medical\outputs\ablations\oof_seeds\medqa_biomistral\seed_999\medqa_biomistral_seed999.B5000.results.jsonl,C:\Users\nikla\Desktop\Peojekt\uqlm_white_box_scorer\phase_2_medical\outputs\ablations\oof_seeds\medqa_biomistral\seed_999\medqa_biomistral_seed999.B5000.manifest.bootstrap_indices.npz
medqa,biomistral,2026,egh_probe_oof,1.0,1000,0.553,0.5578156162643462,0.5578786889490314,0.5228082737640124,0.594479875885449,0.09968428979316665,0.039282622450793205,0.1627224175634422,C:\Users\nikla\Desktop\Peojekt\uqlm_white_box_scorer\phase_2_medical\outputs\ablations\oof_seeds\medqa_biomistral\seed_2026\medqa_biomistral_seed2026.B5000.manifest.json,C:\Users\nikla\Desktop\Peojekt\uqlm_white_box_scorer\phase_2_medical\outputs\ablations\oof_seeds\medqa_biomistral\seed_2026\medqa_biomistral_seed2026.B5000.results.jsonl,C:\Users\nikla\Desktop\Peojekt\uqlm_white_box_scorer\phase_2_medical\outputs\ablations\oof_seeds\medqa_biomistral\seed_2026\medqa_biomistral_seed2026.B5000.manifest.bootstrap_indices.npz
medqa,biomistral,0,hidden_probe_oof,-1.0,1000,0.553,0.5137646597165755,0.5139185690417531,0.47795763195261964,0.5494080488367293,0.02397190902982891,-0.03796350159599844,0.08509533548128272,C:\Users\nikla\Desktop\Peojekt\uqlm_white_box_scorer\phase_2_medical\outputs\ablations\oof_seeds\medqa_biomistral\seed_0\medqa_biomistral_seed0.B5000.manifest.json,C:\Users\nikla\Desktop\Peojekt\uqlm_white_box_scorer\phase_2_medical\outputs\ablations\oof_seeds\medqa_biomistral\seed_0\medqa_biomistral_seed0.B5000.results.jsonl,C:\Users\nikla\Desktop\Peojekt\uqlm_white_box_scorer\phase_2_medical\outputs\ablations\oof_seeds\medqa_biomistral\seed_0\medqa_biomistral_seed0.B5000.manifest.bootstrap_indices.npz
medqa,biomistral,42,hidden_probe_oof,1.0,1000,0.553,0.5152169779644081,0.514711322823242,0.47903331836515084,0.5505557443434428,0.025337266625731818,-0.036110850523753256,0.08707200833195675,C:\Users\nikla\Desktop\Peojekt\uqlm_white_box_scorer\phase_2_medical\outputs\ablations\oof_seeds\medqa_biomistral\seed_42\medqa_biomistral_seed42.B5000.manifest.json,C:\Users\nikla\Desktop\Peojekt\uqlm_white_box_scorer\phase_2_medical\outputs\ablations\oof_seeds\medqa_biomistral\seed_42\medqa_biomistral_seed42.B5000.results.jsonl,C:\Users\nikla\Desktop\Peojekt\uqlm_white_box_scorer\phase_2_medical\outputs\ablations\oof_seeds\medqa_biomistral\seed_42\medqa_biomistral_seed42.B5000.manifest.bootstrap_indices.npz
medqa,biomistral,123,hidden_probe_oof,-1.0,1000,0.553,0.5063776593808027,0.5066562577116481,0.47005696000258906,0.5428101144459143,0.011464052365966166,-0.05157079875376651,0.07373172666496207,C:\Users\nikla\Desktop\Peojekt\uqlm_white_box_scorer\phase_2_medical\outputs\ablations\oof_seeds\medqa_biomistral\seed_123\medqa_biomistral_seed123.B5000.manifest.json,C:\Users\nikla\Desktop\Peojekt\uqlm_white_box_scorer\phase_2_medical\outputs\ablations\oof_seeds\medqa_biomistral\seed_123\medqa_biomistral_seed123.B5000.results.jsonl,C:\Users\nikla\Desktop\Peojekt\uqlm_white_box_scorer\phase_2_medical\outputs\ablations\oof_seeds\medqa_biomistral\seed_123\medqa_biomistral_seed123.B5000.manifest.bootstrap_indices.npz
medqa,biomistral,999,hidden_probe_oof,1.0,1000,0.553,0.5052247047829411,0.5052447435383975,0.4683277303785332,0.5410274848194311,0.009033005827047608,-0.054549061298457824,0.07066150018013624,C:\Users\nikla\Desktop\Peojekt\uqlm_white_box_scorer\phase_2_medical\outputs\ablations\oof_seeds\medqa_biomistral\seed_999\medqa_biomistral_seed999.B5000.manifest.json,C:\Users\nikla\Desktop\Peojekt\uqlm_white_box_scorer\phase_2_medical\outputs\ablations\oof_seeds\medqa_biomistral\seed_999\medqa_biomistral_seed999.B5000.results.jsonl,C:\Users\nikla\Desktop\Peojekt\uqlm_white_box_scorer\phase_2_medical\outputs\ablations\oof_seeds\medqa_biomistral\seed_999\medqa_biomistral_seed999.B5000.manifest.bootstrap_indices.npz
medqa,biomistral,2026,hidden_probe_oof,-1.0,1000,0.553,0.520779478217249,0.5205520508432749,0.4840891254131421,0.5559984991362954,0.0353967346027085,-0.027403250984292114,0.09644602620167937,C:\Users\nikla\Desktop\Peojekt\uqlm_white_box_scorer\phase_2_medical\outputs\ablations\oof_seeds\medqa_biomistral\seed_2026\medqa_biomistral_seed2026.B5000.manifest.json,C:\Users\nikla\Desktop\Peojekt\uqlm_white_box_scorer\phase_2_medical\outputs\ablations\oof_seeds\medqa_biomistral\seed_2026\medqa_biomistral_seed2026.B5000.results.jsonl,C:\Users\nikla\Desktop\Peojekt\uqlm_white_box_scorer\phase_2_medical\outputs\ablations\oof_seeds\medqa_biomistral\seed_2026\medqa_biomistral_seed2026.B5000.manifest.bootstrap_indices.npz
medqa,biomistral,0,lntp,1.0,1000,0.553,0.5010194545917934,0.5014896270495286,0.4655535597978891,0.5375704920486587,0.002566090902018007,-0.05933704212969093,0.06472062610996498,C:\Users\nikla\Desktop\Peojekt\uqlm_white_box_scorer\phase_2_medical\outputs\ablations\oof_seeds\medqa_biomistral\seed_0\medqa_biomistral_seed0.B5000.manifest.json,C:\Users\nikla\Desktop\Peojekt\uqlm_white_box_scorer\phase_2_medical\outputs\ablations\oof_seeds\medqa_biomistral\seed_0\medqa_biomistral_seed0.B5000.results.jsonl,C:\Users\nikla\Desktop\Peojekt\uqlm_white_box_scorer\phase_2_medical\outputs\ablations\oof_seeds\medqa_biomistral\seed_0\medqa_biomistral_seed0.B5000.manifest.bootstrap_indices.npz
medqa,biomistral,42,lntp,1.0,1000,0.553,0.5010194545917934,0.5007611474527794,0.4647801699900078,0.536776268148921,0.001311183002063725,-0.060670602761215636,0.06335182091293604,C:\Users\nikla\Desktop\Peojekt\uqlm_white_box_scorer\phase_2_medical\outputs\ablations\oof_seeds\medqa_biomistral\seed_42\medqa_biomistral_seed42.B5000.manifest.json,C:\Users\nikla\Desktop\Peojekt\uqlm_white_box_scorer\phase_2_medical\outputs\ablations\oof_seeds\medqa_biomistral\seed_42\medqa_biomistral_seed42.B5000.results.jsonl,C:\Users\nikla\Desktop\Peojekt\uqlm_white_box_scorer\phase_2_medical\outputs\ablations\oof_seeds\medqa_biomistral\seed_42\medqa_biomistral_seed42.B5000.manifest.bootstrap_indices.npz
medqa,biomistral,123,lntp,1.0,1000,0.553,0.5010194545917934,0.5015643631847437,0.4653409205836782,0.5375102147731916,0.0026948370354618915,-0.059706062653492674,0.06461635266766412,C:\Users\nikla\Desktop\Peojekt\uqlm_white_box_scorer\phase_2_medical\outputs\ablations\oof_seeds\medqa_biomistral\seed_123\medqa_biomistral_seed123.B5000.manifest.json,C:\Users\nikla\Desktop\Peojekt\uqlm_white_box_scorer\phase_2_medical\outputs\ablations\oof_seeds\medqa_biomistral\seed_123\medqa_biomistral_seed123.B5000.results.jsonl,C:\Users\nikla\Desktop\Peojekt\uqlm_white_box_scorer\phase_2_medical\outputs\ablations\oof_seeds\medqa_biomistral\seed_123\medqa_biomistral_seed123.B5000.manifest.bootstrap_indices.npz
medqa,biomistral,999,lntp,1.0,1000,0.553,0.5010194545917934,0.5011905518404796,0.4658158569689025,0.5365267647284894,0.002050884875838297,-0.05888616059831039,0.06292178481441674,C:\Users\nikla\Desktop\Peojekt\uqlm_white_box_scorer\phase_2_medical\outputs\ablations\oof_seeds\medqa_biomistral\seed_999\medqa_biomistral_seed999.B5000.manifest.json,C:\Users\nikla\Desktop\Peojekt\uqlm_white_box_scorer\phase_2_medical\outputs\ablations\oof_seeds\medqa_biomistral\seed_999\medqa_biomistral_seed999.B5000.results.jsonl,C:\Users\nikla\Desktop\Peojekt\uqlm_white_box_scorer\phase_2_medical\outputs\ablations\oof_seeds\medqa_biomistral\seed_999\medqa_biomistral_seed999.B5000.manifest.bootstrap_indices.npz
medqa,biomistral,2026,lntp,1.0,1000,0.553,0.5010194545917934,0.5009682945576498,0.46523295751058896,0.5371082988458317,0.001668012244194324,-0.059890957299432196,0.0639254139640061,C:\Users\nikla\Desktop\Peojekt\uqlm_white_box_scorer\phase_2_medical\outputs\ablations\oof_seeds\medqa_biomistral\seed_2026\medqa_biomistral_seed2026.B5000.manifest.json,C:\Users\nikla\Desktop\Peojekt\uqlm_white_box_scorer\phase_2_medical\outputs\ablations\oof_seeds\medqa_biomistral\seed_2026\medqa_biomistral_seed2026.B5000.results.jsonl,C:\Users\nikla\Desktop\Peojekt\uqlm_white_box_scorer\phase_2_medical\outputs\ablations\oof_seeds\medqa_biomistral\seed_2026\medqa_biomistral_seed2026.B5000.manifest.bootstrap_indices.npz
medqa,biomistral,0,mtp,1.0,1000,0.553,0.5010194545917934,0.5014896270495286,0.4655535597978891,0.5375704920486587,0.002566090902018007,-0.05933704212969093,0.06472062610996498,C:\Users\nikla\Desktop\Peojekt\uqlm_white_box_scorer\phase_2_medical\outputs\ablations\oof_seeds\medqa_biomistral\seed_0\medqa_biomistral_seed0.B5000.manifest.json,C:\Users\nikla\Desktop\Peojekt\uqlm_white_box_scorer\phase_2_medical\outputs\ablations\oof_seeds\medqa_biomistral\seed_0\medqa_biomistral_seed0.B5000.results.jsonl,C:\Users\nikla\Desktop\Peojekt\uqlm_white_box_scorer\phase_2_medical\outputs\ablations\oof_seeds\medqa_biomistral\seed_0\medqa_biomistral_seed0.B5000.manifest.bootstrap_indices.npz
medqa,biomistral,42,mtp,1.0,1000,0.553,0.5010194545917934,0.5007611474527794,0.4647801699900078,0.536776268148921,0.001311183002063725,-0.060670602761215636,0.06335182091293604,C:\Users\nikla\Desktop\Peojekt\uqlm_white_box_scorer\phase_2_medical\outputs\ablations\oof_seeds\medqa_biomistral\seed_42\medqa_biomistral_seed42.B5000.manifest.json,C:\Users\nikla\Desktop\Peojekt\uqlm_white_box_scorer\phase_2_medical\outputs\ablations\oof_seeds\medqa_biomistral\seed_42\medqa_biomistral_seed42.B5000.results.jsonl,C:\Users\nikla\Desktop\Peojekt\uqlm_white_box_scorer\phase_2_medical\outputs\ablations\oof_seeds\medqa_biomistral\seed_42\medqa_biomistral_seed42.B5000.manifest.bootstrap_indices.npz
medqa,biomistral,123,mtp,1.0,1000,0.553,0.5010194545917934,0.5015643631847437,0.4653409205836782,0.5375102147731916,0.0026948370354618915,-0.059706062653492674,0.06461635266766412,C:\Users\nikla\Desktop\Peojekt\uqlm_white_box_scorer\phase_2_medical\outputs\ablations\oof_seeds\medqa_biomistral\seed_123\medqa_biomistral_seed123.B5000.manifest.json,C:\Users\nikla\Desktop\Peojekt\uqlm_white_box_scorer\phase_2_medical\outputs\ablations\oof_seeds\medqa_biomistral\seed_123\medqa_biomistral_seed123.B5000.results.jsonl,C:\Users\nikla\Desktop\Peojekt\uqlm_white_box_scorer\phase_2_medical\outputs\ablations\oof_seeds\medqa_biomistral\seed_123\medqa_biomistral_seed123.B5000.manifest.bootstrap_indices.npz
medqa,biomistral,999,mtp,1.0,1000,0.553,0.5010194545917934,0.5011905518404796,0.4658158569689025,0.5365267647284894,0.002050884875838297,-0.05888616059831039,0.06292178481441674,C:\Users\nikla\Desktop\Peojekt\uqlm_white_box_scorer\phase_2_medical\outputs\ablations\oof_seeds\medqa_biomistral\seed_999\medqa_biomistral_seed999.B5000.manifest.json,C:\Users\nikla\Desktop\Peojekt\uqlm_white_box_scorer\phase_2_medical\outputs\ablations\oof_seeds\medqa_biomistral\seed_999\medqa_biomistral_seed999.B5000.results.jsonl,C:\Users\nikla\Desktop\Peojekt\uqlm_white_box_scorer\phase_2_medical\outputs\ablations\oof_seeds\medqa_biomistral\seed_999\medqa_biomistral_seed999.B5000.manifest.bootstrap_indices.npz
medqa,biomistral,2026,mtp,1.0,1000,0.553,0.5010194545917934,0.5009682945576498,0.46523295751058896,0.5371082988458317,0.001668012244194324,-0.059890957299432196,0.0639254139640061,C:\Users\nikla\Desktop\Peojekt\uqlm_white_box_scorer\phase_2_medical\outputs\ablations\oof_seeds\medqa_biomistral\seed_2026\medqa_biomistral_seed2026.B5000.manifest.json,C:\Users\nikla\Desktop\Peojekt\uqlm_white_box_scorer\phase_2_medical\outputs\ablations\oof_seeds\medqa_biomistral\seed_2026\medqa_biomistral_seed2026.B5000.results.jsonl,C:\Users\nikla\Desktop\Peojekt\uqlm_white_box_scorer\phase_2_medical\outputs\ablations\oof_seeds\medqa_biomistral\seed_2026\medqa_biomistral_seed2026.B5000.manifest.bootstrap_indices.npz
medqa,mistral,0,egh_probe_oof,1.0,1000,0.498,0.6181378902062433,0.6179352653642458,0.5830650290404646,0.6522848365573849,0.2042687481233463,0.143872078857793,0.26376365806582663,C:\Users\nikla\Desktop\Peojekt\uqlm_white_box_scorer\phase_2_medical\outputs\ablations\oof_seeds\medqa_mistral\seed_0\medqa_mistral_seed0.B5000.manifest.json,C:\Users\nikla\Desktop\Peojekt\uqlm_white_box_scorer\phase_2_medical\outputs\ablations\oof_seeds\medqa_mistral\seed_0\medqa_mistral_seed0.B5000.results.jsonl,C:\Users\nikla\Desktop\Peojekt\uqlm_white_box_scorer\phase_2_medical\outputs\ablations\oof_seeds\medqa_mistral\seed_0\medqa_mistral_seed0.B5000.manifest.bootstrap_indices.npz
medqa,mistral,42,egh_probe_oof,1.0,1000,0.498,0.5981375702011232,0.5980336709387349,0.5622367957887326,0.6341342461479383,0.16979836507468085,0.1077967118163903,0.2323261016174188,C:\Users\nikla\Desktop\Peojekt\uqlm_white_box_scorer\phase_2_medical\outputs\ablations\oof_seeds\medqa_mistral\seed_42\medqa_mistral_seed42.B5000.manifest.json,C:\Users\nikla\Desktop\Peojekt\uqlm_white_box_scorer\phase_2_medical\outputs\ablations\oof_seeds\medqa_mistral\seed_42\medqa_mistral_seed42.B5000.results.jsonl,C:\Users\nikla\Desktop\Peojekt\uqlm_white_box_scorer\phase_2_medical\outputs\ablations\oof_seeds\medqa_mistral\seed_42\medqa_mistral_seed42.B5000.manifest.bootstrap_indices.npz
medqa,mistral,123,egh_probe_oof,1.0,1000,0.498,0.6212699403190449,0.6217124521992352,0.5867334877358038,0.6556141898270372,0.21081099197121317,0.15022600464069455,0.2695303136873664,C:\Users\nikla\Desktop\Peojekt\uqlm_white_box_scorer\phase_2_medical\outputs\ablations\oof_seeds\medqa_mistral\seed_123\medqa_mistral_seed123.B5000.manifest.json,C:\Users\nikla\Desktop\Peojekt\uqlm_white_box_scorer\phase_2_medical\outputs\ablations\oof_seeds\medqa_mistral\seed_123\medqa_mistral_seed123.B5000.results.jsonl,C:\Users\nikla\Desktop\Peojekt\uqlm_white_box_scorer\phase_2_medical\outputs\ablations\oof_seeds\medqa_mistral\seed_123\medqa_mistral_seed123.B5000.manifest.bootstrap_indices.npz
medqa,mistral,999,egh_probe_oof,1.0,1000,0.498,0.6101897630362085,0.6101741275860413,0.5746139938239012,0.6441830069281108,0.19082613594413214,0.12923450223487992,0.24973094052718234,C:\Users\nikla\Desktop\Peojekt\uqlm_white_box_scorer\phase_2_medical\outputs\ablations\oof_seeds\medqa_mistral\seed_999\medqa_mistral_seed999.B5000.manifest.json,C:\Users\nikla\Desktop\Peojekt\uqlm_white_box_scorer\phase_2_medical\outputs\ablations\oof_seeds\medqa_mistral\seed_999\medqa_mistral_seed999.B5000.results.jsonl,C:\Users\nikla\Desktop\Peojekt\uqlm_white_box_scorer\phase_2_medical\outputs\ablations\oof_seeds\medqa_mistral\seed_999\medqa_mistral_seed999.B5000.manifest.bootstrap_indices.npz
medqa,mistral,2026,egh_probe_oof,1.0,1000,0.498,0.6096457543320692,0.6097586977391637,0.5737483799740795,0.6449584193347093,0.19010659552023196,0.12773521463829363,0.2510739979139088,C:\Users\nikla\Desktop\Peojekt\uqlm_white_box_scorer\phase_2_medical\outputs\ablations\oof_seeds\medqa_mistral\seed_2026\medqa_mistral_seed2026.B5000.manifest.json,C:\Users\nikla\Desktop\Peojekt\uqlm_white_box_scorer\phase_2_medical\outputs\ablations\oof_seeds\medqa_mistral\seed_2026\medqa_mistral_seed2026.B5000.results.jsonl,C:\Users\nikla\Desktop\Peojekt\uqlm_white_box_scorer\phase_2_medical\outputs\ablations\oof_seeds\medqa_mistral\seed_2026\medqa_mistral_seed2026.B5000.manifest.bootstrap_indices.npz
medqa,mistral,0,hidden_probe_oof,1.0,1000,0.498,0.5794332709323349,0.5794060928974863,0.5435843973503576,0.6155835493367894,0.13753463023549065,0.07548999377957498,0.20019548954566585,C:\Users\nikla\Desktop\Peojekt\uqlm_white_box_scorer\phase_2_medical\outputs\ablations\oof_seeds\medqa_mistral\seed_0\medqa_mistral_seed0.B5000.manifest.json,C:\Users\nikla\Desktop\Peojekt\uqlm_white_box_scorer\phase_2_medical\outputs\ablations\oof_seeds\medqa_mistral\seed_0\medqa_mistral_seed0.B5000.results.jsonl,C:\Users\nikla\Desktop\Peojekt\uqlm_white_box_scorer\phase_2_medical\outputs\ablations\oof_seeds\medqa_mistral\seed_0\medqa_mistral_seed0.B5000.manifest.bootstrap_indices.npz
medqa,mistral,42,hidden_probe_oof,1.0,1000,0.498,0.5748771980351686,0.574861364181827,0.5388777220435528,0.6094223507576121,0.12966297240619415,0.06733781307907721,0.18952401357989423,C:\Users\nikla\Desktop\Peojekt\uqlm_white_box_scorer\phase_2_medical\outputs\ablations\oof_seeds\medqa_mistral\seed_42\medqa_mistral_seed42.B5000.manifest.json,C:\Users\nikla\Desktop\Peojekt\uqlm_white_box_scorer\phase_2_medical\outputs\ablations\oof_seeds\medqa_mistral\seed_42\medqa_mistral_seed42.B5000.results.jsonl,C:\Users\nikla\Desktop\Peojekt\uqlm_white_box_scorer\phase_2_medical\outputs\ablations\oof_seeds\medqa_mistral\seed_42\medqa_mistral_seed42.B5000.manifest.bootstrap_indices.npz
medqa,mistral,123,hidden_probe_oof,1.0,1000,0.498,0.552292836685387,0.5526924990799853,0.5162986607785723,0.5881824109185747,0.09126558329328,0.028229948557282804,0.152735553734227,C:\Users\nikla\Desktop\Peojekt\uqlm_white_box_scorer\phase_2_medical\outputs\ablations\oof_seeds\medqa_mistral\seed_123\medqa_mistral_seed123.B5000.manifest.json,C:\Users\nikla\Desktop\Peojekt\uqlm_white_box_scorer\phase_2_medical\outputs\ablations\oof_seeds\medqa_mistral\seed_123\medqa_mistral_seed123.B5000.results.jsonl,C:\Users\nikla\Desktop\Peojekt\uqlm_white_box_scorer\phase_2_medical\outputs\ablations\oof_seeds\medqa_mistral\seed_123\medqa_mistral_seed123.B5000.manifest.bootstrap_indices.npz
medqa,mistral,999,hidden_probe_oof,1.0,1000,0.498,0.5744131906110497,0.5743390982255716,0.538148010368166,0.6101825629210068,0.12875838611992071,0.06607394041619657,0.1908407559989636,C:\Users\nikla\Desktop\Peojekt\uqlm_white_box_scorer\phase_2_medical\outputs\ablations\oof_seeds\medqa_mistral\seed_999\medqa_mistral_seed999.B5000.manifest.json,C:\Users\nikla\Desktop\Peojekt\uqlm_white_box_scorer\phase_2_medical\outputs\ablations\oof_seeds\medqa_mistral\seed_999\medqa_mistral_seed999.B5000.results.jsonl,C:\Users\nikla\Desktop\Peojekt\uqlm_white_box_scorer\phase_2_medical\outputs\ablations\oof_seeds\medqa_mistral\seed_999\medqa_mistral_seed999.B5000.manifest.bootstrap_indices.npz
medqa,mistral,2026,hidden_probe_oof,1.0,1000,0.498,0.5656490503848062,0.5657370925934815,0.5310990975855614,0.6012925206803309,0.1138593574112876,0.053864922856335935,0.17544284516924075,C:\Users\nikla\Desktop\Peojekt\uqlm_white_box_scorer\phase_2_medical\outputs\ablations\oof_seeds\medqa_mistral\seed_2026\medqa_mistral_seed2026.B5000.manifest.json,C:\Users\nikla\Desktop\Peojekt\uqlm_white_box_scorer\phase_2_medical\outputs\ablations\oof_seeds\medqa_mistral\seed_2026\medqa_mistral_seed2026.B5000.results.jsonl,C:\Users\nikla\Desktop\Peojekt\uqlm_white_box_scorer\phase_2_medical\outputs\ablations\oof_seeds\medqa_mistral\seed_2026\medqa_mistral_seed2026.B5000.manifest.bootstrap_indices.npz
medqa,mistral,0,lntp,1.0,1000,0.498,0.5050500808012928,0.5052345881534104,0.46980956695307124,0.5411852589641434,0.00906711736715389,-0.05229401693524961,0.07133861187410158,C:\Users\nikla\Desktop\Peojekt\uqlm_white_box_scorer\phase_2_medical\outputs\ablations\oof_seeds\medqa_mistral\seed_0\medqa_mistral_seed0.B5000.manifest.json,C:\Users\nikla\Desktop\Peojekt\uqlm_white_box_scorer\phase_2_medical\outputs\ablations\oof_seeds\medqa_mistral\seed_0\medqa_mistral_seed0.B5000.results.jsonl,C:\Users\nikla\Desktop\Peojekt\uqlm_white_box_scorer\phase_2_medical\outputs\ablations\oof_seeds\medqa_mistral\seed_0\medqa_mistral_seed0.B5000.manifest.bootstrap_indices.npz
medqa,mistral,42,lntp,1.0,1000,0.498,0.5050500808012928,0.5048903198451175,0.46928480855693694,0.5407492019872318,0.00847078583861797,-0.053203763069960136,0.07058402467167355,C:\Users\nikla\Desktop\Peojekt\uqlm_white_box_scorer\phase_2_medical\outputs\ablations\oof_seeds\medqa_mistral\seed_42\medqa_mistral_seed42.B5000.manifest.json,C:\Users\nikla\Desktop\Peojekt\uqlm_white_box_scorer\phase_2_medical\outputs\ablations\oof_seeds\medqa_mistral\seed_42\medqa_mistral_seed42.B5000.results.jsonl,C:\Users\nikla\Desktop\Peojekt\uqlm_white_box_scorer\phase_2_medical\outputs\ablations\oof_seeds\medqa_mistral\seed_42\medqa_mistral_seed42.B5000.manifest.bootstrap_indices.npz
medqa,mistral,123,lntp,1.0,1000,0.498,0.5050500808012928,0.5052341973471576,0.4700205203283253,0.5416986171778749,0.009066439677451306,-0.05192868598128424,0.07222957108696113,C:\Users\nikla\Desktop\Peojekt\uqlm_white_box_scorer\phase_2_medical\outputs\ablations\oof_seeds\medqa_mistral\seed_123\medqa_mistral_seed123.B5000.manifest.json,C:\Users\nikla\Desktop\Peojekt\uqlm_white_box_scorer\phase_2_medical\outputs\ablations\oof_seeds\medqa_mistral\seed_123\medqa_mistral_seed123.B5000.results.jsonl,C:\Users\nikla\Desktop\Peojekt\uqlm_white_box_scorer\phase_2_medical\outputs\ablations\oof_seeds\medqa_mistral\seed_123\medqa_mistral_seed123.B5000.manifest.bootstrap_indices.npz
medqa,mistral,999,lntp,1.0,1000,0.498,0.5050500808012928,0.5051510604169667,0.46967131474103585,0.541519314309029,0.008922429768039922,-0.05253381445793204,0.07191764675507258,C:\Users\nikla\Desktop\Peojekt\uqlm_white_box_scorer\phase_2_medical\outputs\ablations\oof_seeds\medqa_mistral\seed_999\medqa_mistral_seed999.B5000.manifest.json,C:\Users\nikla\Desktop\Peojekt\uqlm_white_box_scorer\phase_2_medical\outputs\ablations\oof_seeds\medqa_mistral\seed_999\medqa_mistral_seed999.B5000.results.jsonl,C:\Users\nikla\Desktop\Peojekt\uqlm_white_box_scorer\phase_2_medical\outputs\ablations\oof_seeds\medqa_mistral\seed_999\medqa_mistral_seed999.B5000.manifest.bootstrap_indices.npz
medqa,mistral,2026,lntp,1.0,1000,0.498,0.5050500808012928,0.5053479979679674,0.46905950495207926,0.5417289676634827,0.009263562173708419,-0.053593342462445695,0.07228127029439226,C:\Users\nikla\Desktop\Peojekt\uqlm_white_box_scorer\phase_2_medical\outputs\ablations\oof_seeds\medqa_mistral\seed_2026\medqa_mistral_seed2026.B5000.manifest.json,C:\Users\nikla\Desktop\Peojekt\uqlm_white_box_scorer\phase_2_medical\outputs\ablations\oof_seeds\medqa_mistral\seed_2026\medqa_mistral_seed2026.B5000.results.jsonl,C:\Users\nikla\Desktop\Peojekt\uqlm_white_box_scorer\phase_2_medical\outputs\ablations\oof_seeds\medqa_mistral\seed_2026\medqa_mistral_seed2026.B5000.manifest.bootstrap_indices.npz
medqa,mistral,0,mtp,1.0,1000,0.498,0.5083941343061489,0.508542832685323,0.47309686954991276,0.544594063505016,0.014797502090426622,-0.0465999442255418,0.07724334603303508,C:\Users\nikla\Desktop\Peojekt\uqlm_white_box_scorer\phase_2_medical\outputs\ablations\oof_seeds\medqa_mistral\seed_0\medqa_mistral_seed0.B5000.manifest.json,C:\Users\nikla\Desktop\Peojekt\uqlm_white_box_scorer\phase_2_medical\outputs\ablations\oof_seeds\medqa_mistral\seed_0\medqa_mistral_seed0.B5000.results.jsonl,C:\Users\nikla\Desktop\Peojekt\uqlm_white_box_scorer\phase_2_medical\outputs\ablations\oof_seeds\medqa_mistral\seed_0\medqa_mistral_seed0.B5000.manifest.bootstrap_indices.npz
medqa,mistral,42,mtp,1.0,1000,0.498,0.5083941343061489,0.5082567961087378,0.4724829597273556,0.5444254108065729,0.014302035236154422,-0.04766366645930855,0.0769516604905425,C:\Users\nikla\Desktop\Peojekt\uqlm_white_box_scorer\phase_2_medical\outputs\ablations\oof_seeds\medqa_mistral\seed_42\medqa_mistral_seed42.B5000.manifest.json,C:\Users\nikla\Desktop\Peojekt\uqlm_white_box_scorer\phase_2_medical\outputs\ablations\oof_seeds\medqa_mistral\seed_42\medqa_mistral_seed42.B5000.results.jsonl,C:\Users\nikla\Desktop\Peojekt\uqlm_white_box_scorer\phase_2_medical\outputs\ablations\oof_seeds\medqa_mistral\seed_42\medqa_mistral_seed42.B5000.manifest.bootstrap_indices.npz
medqa,mistral,123,mtp,1.0,1000,0.498,0.5083941343061489,0.5085582837325398,0.4735295264724236,0.5447920166722667,0.01482426424202406,-0.045850417092830116,0.07758650210495949,C:\Users\nikla\Desktop\Peojekt\uqlm_white_box_scorer\phase_2_medical\outputs\ablations\oof_seeds\medqa_mistral\seed_123\medqa_mistral_seed123.B5000.manifest.json,C:\Users\nikla\Desktop\Peojekt\uqlm_white_box_scorer\phase_2_medical\outputs\ablations\oof_seeds\medqa_mistral\seed_123\medqa_mistral_seed123.B5000.results.jsonl,C:\Users\nikla\Desktop\Peojekt\uqlm_white_box_scorer\phase_2_medical\outputs\ablations\oof_seeds\medqa_mistral\seed_123\medqa_mistral_seed123.B5000.manifest.bootstrap_indices.npz
medqa,mistral,999,mtp,1.0,1000,0.498,0.5083941343061489,0.5084638814221027,0.47295701731227696,0.5450051200819213,0.014660740183420416,-0.04684200005461488,0.07795607935855348,C:\Users\nikla\Desktop\Peojekt\uqlm_white_box_scorer\phase_2_medical\outputs\ablations\oof_seeds\medqa_mistral\seed_999\medqa_mistral_seed999.B5000.manifest.json,C:\Users\nikla\Desktop\Peojekt\uqlm_white_box_scorer\phase_2_medical\outputs\ablations\oof_seeds\medqa_mistral\seed_999\medqa_mistral_seed999.B5000.results.jsonl,C:\Users\nikla\Desktop\Peojekt\uqlm_white_box_scorer\phase_2_medical\outputs\ablations\oof_seeds\medqa_mistral\seed_999\medqa_mistral_seed999.B5000.manifest.bootstrap_indices.npz
medqa,mistral,2026,mtp,1.0,1000,0.498,0.5083941343061489,0.5086603849661595,0.4727135634170147,0.5454349269588312,0.015001121005237096,-0.04726410213317432,0.0787000384370096,C:\Users\nikla\Desktop\Peojekt\uqlm_white_box_scorer\phase_2_medical\outputs\ablations\oof_seeds\medqa_mistral\seed_2026\medqa_mistral_seed2026.B5000.manifest.json,C:\Users\nikla\Desktop\Peojekt\uqlm_white_box_scorer\phase_2_medical\outputs\ablations\oof_seeds\medqa_mistral\seed_2026\medqa_mistral_seed2026.B5000.results.jsonl,C:\Users\nikla\Desktop\Peojekt\uqlm_white_box_scorer\phase_2_medical\outputs\ablations\oof_seeds\medqa_mistral\seed_2026\medqa_mistral_seed2026.B5000.manifest.bootstrap_indices.npz
pubmedqa,biomistral,0,egh_probe_oof,1.0,1000,0.425,0.6207877237851662,0.6207628808184144,0.5871245012787725,0.6548380562659846,0.20680144002322512,0.14919709550070331,0.2651537674301707,C:\Users\nikla\Desktop\Peojekt\uqlm_white_box_scorer\phase_2_medical\outputs\ablations\oof_seeds\pubmedqa_biomistral\seed_0\pubmedqa_biomistral_seed0.B5000.manifest.json,C:\Users\nikla\Desktop\Peojekt\uqlm_white_box_scorer\phase_2_medical\outputs\ablations\oof_seeds\pubmedqa_biomistral\seed_0\pubmedqa_biomistral_seed0.B5000.results.jsonl,C:\Users\nikla\Desktop\Peojekt\uqlm_white_box_scorer\phase_2_medical\outputs\ablations\oof_seeds\pubmedqa_biomistral\seed_0\pubmedqa_biomistral_seed0.B5000.manifest.bootstrap_indices.npz
pubmedqa,biomistral,42,egh_probe_oof,1.0,1000,0.425,0.6289350383631713,0.62892470342711,0.5944097186700767,0.6640972890025575,0.22077822390579796,0.16167270901820313,0.2810098054505904,C:\Users\nikla\Desktop\Peojekt\uqlm_white_box_scorer\phase_2_medical\outputs\ablations\oof_seeds\pubmedqa_biomistral\seed_42\pubmedqa_biomistral_seed42.B5000.manifest.json,C:\Users\nikla\Desktop\Peojekt\uqlm_white_box_scorer\phase_2_medical\outputs\ablations\oof_seeds\pubmedqa_biomistral\seed_42\pubmedqa_biomistral_seed42.B5000.results.jsonl,C:\Users\nikla\Desktop\Peojekt\uqlm_white_box_scorer\phase_2_medical\outputs\ablations\oof_seeds\pubmedqa_biomistral\seed_42\pubmedqa_biomistral_seed42.B5000.manifest.bootstrap_indices.npz
pubmedqa,biomistral,123,egh_probe_oof,1.0,1000,0.425,0.6315007672634271,0.6316867380051151,0.5967436317135549,0.6664723273657288,0.22550809447306402,0.16566942497372064,0.2850770205362083,C:\Users\nikla\Desktop\Peojekt\uqlm_white_box_scorer\phase_2_medical\outputs\ablations\oof_seeds\pubmedqa_biomistral\seed_123\pubmedqa_biomistral_seed123.B5000.manifest.json,C:\Users\nikla\Desktop\Peojekt\uqlm_white_box_scorer\phase_2_medical\outputs\ablations\oof_seeds\pubmedqa_biomistral\seed_123\pubmedqa_biomistral_seed123.B5000.results.jsonl,C:\Users\nikla\Desktop\Peojekt\uqlm_white_box_scorer\phase_2_medical\outputs\ablations\oof_seeds\pubmedqa_biomistral\seed_123\pubmedqa_biomistral_seed123.B5000.manifest.bootstrap_indices.npz
pubmedqa,biomistral,999,egh_probe_oof,1.0,1000,0.425,0.6164992327365729,0.61657478629156,0.5805045524296676,0.6509755498721228,0.19962950113340863,0.13786069789975264,0.2585394785584241,C:\Users\nikla\Desktop\Peojekt\uqlm_white_box_scorer\phase_2_medical\outputs\ablations\oof_seeds\pubmedqa_biomistral\seed_999\pubmedqa_biomistral_seed999.B5000.manifest.json,C:\Users\nikla\Desktop\Peojekt\uqlm_white_box_scorer\phase_2_medical\outputs\ablations\oof_seeds\pubmedqa_biomistral\seed_999\pubmedqa_biomistral_seed999.B5000.results.jsonl,C:\Users\nikla\Desktop\Peojekt\uqlm_white_box_scorer\phase_2_medical\outputs\ablations\oof_seeds\pubmedqa_biomistral\seed_999\pubmedqa_biomistral_seed999.B5000.manifest.bootstrap_indices.npz
pubmedqa,biomistral,2026,egh_probe_oof,1.0,1000,0.425,0.6169207161125321,0.6172202066496164,0.5823650127877238,0.6516279283887468,0.20073475672120428,0.14104668927882424,0.2596565215059393,C:\Users\nikla\Desktop\Peojekt\uqlm_white_box_scorer\phase_2_medical\outputs\ablations\oof_seeds\pubmedqa_biomistral\seed_2026\pubmedqa_biomistral_seed2026.B5000.manifest.json,C:\Users\nikla\Desktop\Peojekt\uqlm_white_box_scorer\phase_2_medical\outputs\ablations\oof_seeds\pubmedqa_biomistral\seed_2026\pubmedqa_biomistral_seed2026.B5000.results.jsonl,C:\Users\nikla\Desktop\Peojekt\uqlm_white_box_scorer\phase_2_medical\outputs\ablations\oof_seeds\pubmedqa_biomistral\seed_2026\pubmedqa_biomistral_seed2026.B5000.manifest.bootstrap_indices.npz
pubmedqa,biomistral,0,hidden_probe_oof,1.0,1000,0.425,0.6574322250639386,0.6575009301278772,0.6235457800511509,0.6915401534526855,0.26971383039281815,0.21156706263473501,0.32800461407918174,C:\Users\nikla\Desktop\Peojekt\uqlm_white_box_scorer\phase_2_medical\outputs\ablations\oof_seeds\pubmedqa_biomistral\seed_0\pubmedqa_biomistral_seed0.B5000.manifest.json,C:\Users\nikla\Desktop\Peojekt\uqlm_white_box_scorer\phase_2_medical\outputs\ablations\oof_seeds\pubmedqa_biomistral\seed_0\pubmedqa_biomistral_seed0.B5000.results.jsonl,C:\Users\nikla\Desktop\Peojekt\uqlm_white_box_scorer\phase_2_medical\outputs\ablations\oof_seeds\pubmedqa_biomistral\seed_0\pubmedqa_biomistral_seed0.B5000.manifest.bootstrap_indices.npz
pubmedqa,biomistral,42,hidden_probe_oof,1.0,1000,0.425,0.6609145780051151,0.6612160736572891,0.6267293094629157,0.6954685421994884,0.2760758602119755,0.2170187351260236,0.33473177407700955,C:\Users\nikla\Desktop\Peojekt\uqlm_white_box_scorer\phase_2_medical\outputs\ablations\oof_seeds\pubmedqa_biomistral\seed_42\pubmedqa_biomistral_seed42.B5000.manifest.json,C:\Users\nikla\Desktop\Peojekt\uqlm_white_box_scorer\phase_2_medical\outputs\ablations\oof_seeds\pubmedqa_biomistral\seed_42\pubmedqa_biomistral_seed42.B5000.results.jsonl,C:\Users\nikla\Desktop\Peojekt\uqlm_white_box_scorer\phase_2_medical\outputs\ablations\oof_seeds\pubmedqa_biomistral\seed_42\pubmedqa_biomistral_seed42.B5000.manifest.bootstrap_indices.npz
pubmedqa,biomistral,123,hidden_probe_oof,1.0,1000,0.425,0.6692705882352941,0.6694189782097186,0.634381483375959,0.703530537084399,0.2901229958549475,0.2301227579947731,0.3485376607395125,C:\Users\nikla\Desktop\Peojekt\uqlm_white_box_scorer\phase_2_medical\outputs\ablations\oof_seeds\pubmedqa_biomistral\seed_123\pubmedqa_biomistral_seed123.B5000.manifest.json,C:\Users\nikla\Desktop\Peojekt\uqlm_white_box_scorer\phase_2_medical\outputs\ablations\oof_seeds\pubmedqa_biomistral\seed_123\pubmedqa_biomistral_seed123.B5000.results.jsonl,C:\Users\nikla\Desktop\Peojekt\uqlm_white_box_scorer\phase_2_medical\outputs\ablations\oof_seeds\pubmedqa_biomistral\seed_123\pubmedqa_biomistral_seed123.B5000.manifest.bootstrap_indices.npz
pubmedqa,biomistral,999,hidden_probe_oof,1.0,1000,0.425,0.6602352941176471,0.6599921530434782,0.6254438874680307,0.6945762659846548,0.27397994642373363,0.21481746626971054,0.33320381157001105,C:\Users\nikla\Desktop\Peojekt\uqlm_white_box_scorer\phase_2_medical\outputs\ablations\oof_seeds\pubmedqa_biomistral\seed_999\pubmedqa_biomistral_seed999.B5000.manifest.json,C:\Users\nikla\Desktop\Peojekt\uqlm_white_box_scorer\phase_2_medical\outputs\ablations\oof_seeds\pubmedqa_biomistral\seed_999\pubmedqa_biomistral_seed999.B5000.results.jsonl,C:\Users\nikla\Desktop\Peojekt\uqlm_white_box_scorer\phase_2_medical\outputs\ablations\oof_seeds\pubmedqa_biomistral\seed_999\pubmedqa_biomistral_seed999.B5000.manifest.bootstrap_indices.npz
pubmedqa,biomistral,2026,hidden_probe_oof,1.0,1000,0.425,0.6508480818414322,0.6509999271611254,0.6154842966751919,0.6841667519181587,0.2585811313120836,0.19776208807603776,0.31537796891357867,C:\Users\nikla\Desktop\Peojekt\uqlm_white_box_scorer\phase_2_medical\outputs\ablations\oof_seeds\pubmedqa_biomistral\seed_2026\pubmedqa_biomistral_seed2026.B5000.manifest.json,C:\Users\nikla\Desktop\Peojekt\uqlm_white_box_scorer\phase_2_medical\outputs\ablations\oof_seeds\pubmedqa_biomistral\seed_2026\pubmedqa_biomistral_seed2026.B5000.results.jsonl,C:\Users\nikla\Desktop\Peojekt\uqlm_white_box_scorer\phase_2_medical\outputs\ablations\oof_seeds\pubmedqa_biomistral\seed_2026\pubmedqa_biomistral_seed2026.B5000.manifest.bootstrap_indices.npz
pubmedqa,biomistral,0,lntp,1.0,1000,0.425,0.598657800511509,0.5984419425063938,0.5633893094629157,0.633757442455243,0.16860443218350246,0.10856896434068647,0.22908911874565638,C:\Users\nikla\Desktop\Peojekt\uqlm_white_box_scorer\phase_2_medical\outputs\ablations\oof_seeds\pubmedqa_biomistral\seed_0\pubmedqa_biomistral_seed0.B5000.manifest.json,C:\Users\nikla\Desktop\Peojekt\uqlm_white_box_scorer\phase_2_medical\outputs\ablations\oof_seeds\pubmedqa_biomistral\seed_0\pubmedqa_biomistral_seed0.B5000.results.jsonl,C:\Users\nikla\Desktop\Peojekt\uqlm_white_box_scorer\phase_2_medical\outputs\ablations\oof_seeds\pubmedqa_biomistral\seed_0\pubmedqa_biomistral_seed0.B5000.manifest.bootstrap_indices.npz
pubmedqa,biomistral,42,lntp,1.0,1000,0.425,0.598657800511509,0.5988507756521739,0.5637937084398977,0.634490588235294,0.16930456538605812,0.10926186347787527,0.23034903420772188,C:\Users\nikla\Desktop\Peojekt\uqlm_white_box_scorer\phase_2_medical\outputs\ablations\oof_seeds\pubmedqa_biomistral\seed_42\pubmedqa_biomistral_seed42.B5000.manifest.json,C:\Users\nikla\Desktop\Peojekt\uqlm_white_box_scorer\phase_2_medical\outputs\ablations\oof_seeds\pubmedqa_biomistral\seed_42\pubmedqa_biomistral_seed42.B5000.results.jsonl,C:\Users\nikla\Desktop\Peojekt\uqlm_white_box_scorer\phase_2_medical\outputs\ablations\oof_seeds\pubmedqa_biomistral\seed_42\pubmedqa_biomistral_seed42.B5000.manifest.bootstrap_indices.npz
pubmedqa,biomistral,123,lntp,1.0,1000,0.425,0.598657800511509,0.598621749769821,0.5636076214833758,0.6341934015345269,0.1689123705772585,0.10894292231364541,0.22983679040730498,C:\Users\nikla\Desktop\Peojekt\uqlm_white_box_scorer\phase_2_medical\outputs\ablations\oof_seeds\pubmedqa_biomistral\seed_123\pubmedqa_biomistral_seed123.B5000.manifest.json,C:\Users\nikla\Desktop\Peojekt\uqlm_white_box_scorer\phase_2_medical\outputs\ablations\oof_seeds\pubmedqa_biomistral\seed_123\pubmedqa_biomistral_seed123.B5000.results.jsonl,C:\Users\nikla\Desktop\Peojekt\uqlm_white_box_scorer\phase_2_medical\outputs\ablations\oof_seeds\pubmedqa_biomistral\seed_123\pubmedqa_biomistral_seed123.B5000.manifest.bootstrap_indices.npz
pubmedqa,biomistral,999,lntp,1.0,1000,0.425,0.598657800511509,0.5989531208184143,0.5630176470588235,0.6326579028132993,0.16947987044501756,0.10793245838639161,0.2272043196057394,C:\Users\nikla\Desktop\Peojekt\uqlm_white_box_scorer\phase_2_medical\outputs\ablations\oof_seeds\pubmedqa_biomistral\seed_999\pubmedqa_biomistral_seed999.B5000.manifest.json,C:\Users\nikla\Desktop\Peojekt\uqlm_white_box_scorer\phase_2_medical\outputs\ablations\oof_seeds\pubmedqa_biomistral\seed_999\pubmedqa_biomistral_seed999.B5000.results.jsonl,C:\Users\nikla\Desktop\Peojekt\uqlm_white_box_scorer\phase_2_medical\outputs\ablations\oof_seeds\pubmedqa_biomistral\seed_999\pubmedqa_biomistral_seed999.B5000.manifest.bootstrap_indices.npz
pubmedqa,biomistral,2026,lntp,1.0,1000,0.425,0.598657800511509,0.5985807218414322,0.5628826086956522,0.6346282864450127,0.16884207710842217,0.10770184495992716,0.23058159904729497,C:\Users\nikla\Desktop\Peojekt\uqlm_white_box_scorer\phase_2_medical\outputs\ablations\oof_seeds\pubmedqa_biomistral\seed_2026\pubmedqa_biomistral_seed2026.B5000.manifest.json,C:\Users\nikla\Desktop\Peojekt\uqlm_white_box_scorer\phase_2_medical\outputs\ablations\oof_seeds\pubmedqa_biomistral\seed_2026\pubmedqa_biomistral_seed2026.B5000.results.jsonl,C:\Users\nikla\Desktop\Peojekt\uqlm_white_box_scorer\phase_2_medical\outputs\ablations\oof_seeds\pubmedqa_biomistral\seed_2026\pubmedqa_biomistral_seed2026.B5000.manifest.bootstrap_indices.npz
pubmedqa,biomistral,0,mtp,1.0,1000,0.425,0.598657800511509,0.5984419425063938,0.5633893094629157,0.633757442455243,0.16860443218350246,0.10856896434068647,0.22908911874565638,C:\Users\nikla\Desktop\Peojekt\uqlm_white_box_scorer\phase_2_medical\outputs\ablations\oof_seeds\pubmedqa_biomistral\seed_0\pubmedqa_biomistral_seed0.B5000.manifest.json,C:\Users\nikla\Desktop\Peojekt\uqlm_white_box_scorer\phase_2_medical\outputs\ablations\oof_seeds\pubmedqa_biomistral\seed_0\pubmedqa_biomistral_seed0.B5000.results.jsonl,C:\Users\nikla\Desktop\Peojekt\uqlm_white_box_scorer\phase_2_medical\outputs\ablations\oof_seeds\pubmedqa_biomistral\seed_0\pubmedqa_biomistral_seed0.B5000.manifest.bootstrap_indices.npz
pubmedqa,biomistral,42,mtp,1.0,1000,0.425,0.598657800511509,0.5988507756521739,0.5637937084398977,0.634490588235294,0.16930456538605812,0.10926186347787527,0.23034903420772188,C:\Users\nikla\Desktop\Peojekt\uqlm_white_box_scorer\phase_2_medical\outputs\ablations\oof_seeds\pubmedqa_biomistral\seed_42\pubmedqa_biomistral_seed42.B5000.manifest.json,C:\Users\nikla\Desktop\Peojekt\uqlm_white_box_scorer\phase_2_medical\outputs\ablations\oof_seeds\pubmedqa_biomistral\seed_42\pubmedqa_biomistral_seed42.B5000.results.jsonl,C:\Users\nikla\Desktop\Peojekt\uqlm_white_box_scorer\phase_2_medical\outputs\ablations\oof_seeds\pubmedqa_biomistral\seed_42\pubmedqa_biomistral_seed42.B5000.manifest.bootstrap_indices.npz
pubmedqa,biomistral,123,mtp,1.0,1000,0.425,0.598657800511509,0.598621749769821,0.5636076214833758,0.6341934015345269,0.1689123705772585,0.10894292231364541,0.22983679040730498,C:\Users\nikla\Desktop\Peojekt\uqlm_white_box_scorer\phase_2_medical\outputs\ablations\oof_seeds\pubmedqa_biomistral\seed_123\pubmedqa_biomistral_seed123.B5000.manifest.json,C:\Users\nikla\Desktop\Peojekt\uqlm_white_box_scorer\phase_2_medical\outputs\ablations\oof_seeds\pubmedqa_biomistral\seed_123\pubmedqa_biomistral_seed123.B5000.results.jsonl,C:\Users\nikla\Desktop\Peojekt\uqlm_white_box_scorer\phase_2_medical\outputs\ablations\oof_seeds\pubmedqa_biomistral\seed_123\pubmedqa_biomistral_seed123.B5000.manifest.bootstrap_indices.npz
pubmedqa,biomistral,999,mtp,1.0,1000,0.425,0.598657800511509,0.5989531208184143,0.5630176470588235,0.6326579028132993,0.16947987044501756,0.10793245838639161,0.2272043196057394,C:\Users\nikla\Desktop\Peojekt\uqlm_white_box_scorer\phase_2_medical\outputs\ablations\oof_seeds\pubmedqa_biomistral\seed_999\pubmedqa_biomistral_seed999.B5000.manifest.json,C:\Users\nikla\Desktop\Peojekt\uqlm_white_box_scorer\phase_2_medical\outputs\ablations\oof_seeds\pubmedqa_biomistral\seed_999\pubmedqa_biomistral_seed999.B5000.results.jsonl,C:\Users\nikla\Desktop\Peojekt\uqlm_white_box_scorer\phase_2_medical\outputs\ablations\oof_seeds\pubmedqa_biomistral\seed_999\pubmedqa_biomistral_seed999.B5000.manifest.bootstrap_indices.npz
pubmedqa,biomistral,2026,mtp,1.0,1000,0.425,0.598657800511509,0.5985807218414322,0.5628826086956522,0.6346282864450127,0.16884207710842217,0.10770184495992716,0.23058159904729497,C:\Users\nikla\Desktop\Peojekt\uqlm_white_box_scorer\phase_2_medical\outputs\ablations\oof_seeds\pubmedqa_biomistral\seed_2026\pubmedqa_biomistral_seed2026.B5000.manifest.json,C:\Users\nikla\Desktop\Peojekt\uqlm_white_box_scorer\phase_2_medical\outputs\ablations\oof_seeds\pubmedqa_biomistral\seed_2026\pubmedqa_biomistral_seed2026.B5000.results.jsonl,C:\Users\nikla\Desktop\Peojekt\uqlm_white_box_scorer\phase_2_medical\outputs\ablations\oof_seeds\pubmedqa_biomistral\seed_2026\pubmedqa_biomistral_seed2026.B5000.manifest.bootstrap_indices.npz
pubmedqa,mistral,0,egh_probe_oof,1.0,1000,0.513,0.7108165119620863,0.7108603776152679,0.6793788601094339,0.7437753921651037,0.36509833333682884,0.31058909575926497,0.42208971051750493,C:\Users\nikla\Desktop\Peojekt\uqlm_white_box_scorer\phase_2_medical\outputs\ablations\oof_seeds\pubmedqa_mistral\seed_0\pubmedqa_mistral_seed0.B5000.manifest.json,C:\Users\nikla\Desktop\Peojekt\uqlm_white_box_scorer\phase_2_medical\outputs\ablations\oof_seeds\pubmedqa_mistral\seed_0\pubmedqa_mistral_seed0.B5000.results.jsonl,C:\Users\nikla\Desktop\Peojekt\uqlm_white_box_scorer\phase_2_medical\outputs\ablations\oof_seeds\pubmedqa_mistral\seed_0\pubmedqa_mistral_seed0.B5000.manifest.bootstrap_indices.npz
pubmedqa,mistral,42,egh_probe_oof,1.0,1000,0.513,0.7173089008169522,0.7170098746752804,0.685788292885991,0.748670801461788,0.3757459995636343,0.3216868078032175,0.43056599726965067,C:\Users\nikla\Desktop\Peojekt\uqlm_white_box_scorer\phase_2_medical\outputs\ablations\oof_seeds\pubmedqa_mistral\seed_42\pubmedqa_mistral_seed42.B5000.manifest.json,C:\Users\nikla\Desktop\Peojekt\uqlm_white_box_scorer\phase_2_medical\outputs\ablations\oof_seeds\pubmedqa_mistral\seed_42\pubmedqa_mistral_seed42.B5000.results.jsonl,C:\Users\nikla\Desktop\Peojekt\uqlm_white_box_scorer\phase_2_medical\outputs\ablations\oof_seeds\pubmedqa_mistral\seed_42\pubmedqa_mistral_seed42.B5000.manifest.bootstrap_indices.npz
pubmedqa,mistral,123,egh_probe_oof,1.0,1000,0.513,0.6900064443563849,0.6897112872301675,0.656875347735069,0.721720282911248,0.32847932628466153,0.27162484745214954,0.3839019534314334,C:\Users\nikla\Desktop\Peojekt\uqlm_white_box_scorer\phase_2_medical\outputs\ablations\oof_seeds\pubmedqa_mistral\seed_123\pubmedqa_mistral_seed123.B5000.manifest.json,C:\Users\nikla\Desktop\Peojekt\uqlm_white_box_scorer\phase_2_medical\outputs\ablations\oof_seeds\pubmedqa_mistral\seed_123\pubmedqa_mistral_seed123.B5000.results.jsonl,C:\Users\nikla\Desktop\Peojekt\uqlm_white_box_scorer\phase_2_medical\outputs\ablations\oof_seeds\pubmedqa_mistral\seed_123\pubmedqa_mistral_seed123.B5000.manifest.bootstrap_indices.npz
pubmedqa,mistral,999,egh_probe_oof,1.0,1000,0.513,0.6878609940319655,0.6877264494798484,0.6549547494106016,0.720566603023644,0.3250426388704725,0.2682994431114167,0.38190436848194015,C:\Users\nikla\Desktop\Peojekt\uqlm_white_box_scorer\phase_2_medical\outputs\ablations\oof_seeds\pubmedqa_mistral\seed_999\pubmedqa_mistral_seed999.B5000.manifest.json,C:\Users\nikla\Desktop\Peojekt\uqlm_white_box_scorer\phase_2_medical\outputs\ablations\oof_seeds\pubmedqa_mistral\seed_999\pubmedqa_mistral_seed999.B5000.results.jsonl,C:\Users\nikla\Desktop\Peojekt\uqlm_white_box_scorer\phase_2_medical\outputs\ablations\oof_seeds\pubmedqa_mistral\seed_999\pubmedqa_mistral_seed999.B5000.manifest.bootstrap_indices.npz
pubmedqa,mistral,2026,egh_probe_oof,1.0,1000,0.513,0.7007577122134563,0.70080026097642,0.6689482089892768,0.7318197101240439,0.3476795459747179,0.29252868950535155,0.40138875995665046,C:\Users\nikla\Desktop\Peojekt\uqlm_white_box_scorer\phase_2_medical\outputs\ablations\oof_seeds\pubmedqa_mistral\seed_2026\pubmedqa_mistral_seed2026.B5000.manifest.json,C:\Users\nikla\Desktop\Peojekt\uqlm_white_box_scorer\phase_2_medical\outputs\ablations\oof_seeds\pubmedqa_mistral\seed_2026\pubmedqa_mistral_seed2026.B5000.results.jsonl,C:\Users\nikla\Desktop\Peojekt\uqlm_white_box_scorer\phase_2_medical\outputs\ablations\oof_seeds\pubmedqa_mistral\seed_2026\pubmedqa_mistral_seed2026.B5000.manifest.bootstrap_indices.npz
pubmedqa,mistral,0,hidden_probe_oof,1.0,1000,0.513,0.683714190792976,0.6833784182107105,0.6497375225652542,0.7167366139510309,0.31751415616162787,0.2592659609691744,0.37527286152617145,C:\Users\nikla\Desktop\Peojekt\uqlm_white_box_scorer\phase_2_medical\outputs\ablations\oof_seeds\pubmedqa_mistral\seed_0\pubmedqa_mistral_seed0.B5000.manifest.json,C:\Users\nikla\Desktop\Peojekt\uqlm_white_box_scorer\phase_2_medical\outputs\ablations\oof_seeds\pubmedqa_mistral\seed_0\pubmedqa_mistral_seed0.B5000.results.jsonl,C:\Users\nikla\Desktop\Peojekt\uqlm_white_box_scorer\phase_2_medical\outputs\ablations\oof_seeds\pubmedqa_mistral\seed_0\pubmedqa_mistral_seed0.B5000.manifest.bootstrap_indices.npz
pubmedqa,mistral,42,hidden_probe_oof,1.0,1000,0.513,0.6863159495819173,0.6865352922575662,0.6532202769071894,0.7194677602058991,0.32298018676266166,0.26529622643641354,0.3800018245723876,C:\Users\nikla\Desktop\Peojekt\uqlm_white_box_scorer\phase_2_medical\outputs\ablations\oof_seeds\pubmedqa_mistral\seed_42\pubmedqa_mistral_seed42.B5000.manifest.json,C:\Users\nikla\Desktop\Peojekt\uqlm_white_box_scorer\phase_2_medical\outputs\ablations\oof_seeds\pubmedqa_mistral\seed_42\pubmedqa_mistral_seed42.B5000.results.jsonl,C:\Users\nikla\Desktop\Peojekt\uqlm_white_box_scorer\phase_2_medical\outputs\ablations\oof_seeds\pubmedqa_mistral\seed_42\pubmedqa_mistral_seed42.B5000.manifest.bootstrap_indices.npz
pubmedqa,mistral,123,hidden_probe_oof,1.0,1000,0.513,0.6739355804523858,0.6740254812253083,0.6400431691823674,0.706562736409813,0.30131983010739816,0.24248044971605967,0.3576570310946367,C:\Users\nikla\Desktop\Peojekt\uqlm_white_box_scorer\phase_2_medical\outputs\ablations\oof_seeds\pubmedqa_mistral\seed_123\pubmedqa_mistral_seed123.B5000.manifest.json,C:\Users\nikla\Desktop\Peojekt\uqlm_white_box_scorer\phase_2_medical\outputs\ablations\oof_seeds\pubmedqa_mistral\seed_123\pubmedqa_mistral_seed123.B5000.results.jsonl,C:\Users\nikla\Desktop\Peojekt\uqlm_white_box_scorer\phase_2_medical\outputs\ablations\oof_seeds\pubmedqa_mistral\seed_123\pubmedqa_mistral_seed123.B5000.manifest.bootstrap_indices.npz
pubmedqa,mistral,999,hidden_probe_oof,1.0,1000,0.513,0.6868403040455349,0.6865364746568681,0.6535723148848622,0.7190735937493745,0.3229822338284828,0.2659058064301286,0.37931924355592406,C:\Users\nikla\Desktop\Peojekt\uqlm_white_box_scorer\phase_2_medical\outputs\ablations\oof_seeds\pubmedqa_mistral\seed_999\pubmedqa_mistral_seed999.B5000.manifest.json,C:\Users\nikla\Desktop\Peojekt\uqlm_white_box_scorer\phase_2_medical\outputs\ablations\oof_seeds\pubmedqa_mistral\seed_999\pubmedqa_mistral_seed999.B5000.results.jsonl,C:\Users\nikla\Desktop\Peojekt\uqlm_white_box_scorer\phase_2_medical\outputs\ablations\oof_seeds\pubmedqa_mistral\seed_999\pubmedqa_mistral_seed999.B5000.manifest.bootstrap_indices.npz
pubmedqa,mistral,2026,hidden_probe_oof,1.0,1000,0.513,0.6935648498384908,0.6938638407563513,0.6616912032533993,0.7271638627712333,0.33566934523347774,0.27996340883548837,0.3933274828177612,C:\Users\nikla\Desktop\Peojekt\uqlm_white_box_scorer\phase_2_medical\outputs\ablations\oof_seeds\pubmedqa_mistral\seed_2026\pubmedqa_mistral_seed2026.B5000.manifest.json,C:\Users\nikla\Desktop\Peojekt\uqlm_white_box_scorer\phase_2_medical\outputs\ablations\oof_seeds\pubmedqa_mistral\seed_2026\pubmedqa_mistral_seed2026.B5000.results.jsonl,C:\Users\nikla\Desktop\Peojekt\uqlm_white_box_scorer\phase_2_medical\outputs\ablations\oof_seeds\pubmedqa_mistral\seed_2026\pubmedqa_mistral_seed2026.B5000.manifest.bootstrap_indices.npz
pubmedqa,mistral,0,lntp,1.0,1000,0.513,0.7128078581120839,0.7128377070899928,0.6803356569040672,0.7443578358970666,0.3685521772809506,0.3122700054462438,0.4231319859011493,C:\Users\nikla\Desktop\Peojekt\uqlm_white_box_scorer\phase_2_medical\outputs\ablations\oof_seeds\pubmedqa_mistral\seed_0\pubmedqa_mistral_seed0.B5000.manifest.json,C:\Users\nikla\Desktop\Peojekt\uqlm_white_box_scorer\phase_2_medical\outputs\ablations\oof_seeds\pubmedqa_mistral\seed_0\pubmedqa_mistral_seed0.B5000.results.jsonl,C:\Users\nikla\Desktop\Peojekt\uqlm_white_box_scorer\phase_2_medical\outputs\ablations\oof_seeds\pubmedqa_mistral\seed_0\pubmedqa_mistral_seed0.B5000.manifest.bootstrap_indices.npz
pubmedqa,mistral,42,lntp,1.0,1000,0.513,0.7128078581120839,0.712699408800349,0.6805072228826687,0.7441522969527398,0.3683127307825346,0.3125693630297912,0.4227740245798434,C:\Users\nikla\Desktop\Peojekt\uqlm_white_box_scorer\phase_2_medical\outputs\ablations\oof_seeds\pubmedqa_mistral\seed_42\pubmedqa_mistral_seed42.B5000.manifest.json,C:\Users\nikla\Desktop\Peojekt\uqlm_white_box_scorer\phase_2_medical\outputs\ablations\oof_seeds\pubmedqa_mistral\seed_42\pubmedqa_mistral_seed42.B5000.results.jsonl,C:\Users\nikla\Desktop\Peojekt\uqlm_white_box_scorer\phase_2_medical\outputs\ablations\oof_seeds\pubmedqa_mistral\seed_42\pubmedqa_mistral_seed42.B5000.manifest.bootstrap_indices.npz
pubmedqa,mistral,123,lntp,1.0,1000,0.513,0.7128078581120839,0.7128900824957671,0.6801471294595147,0.7443483294707223,0.36864289438931547,0.31195137712479865,0.4231149575489193,C:\Users\nikla\Desktop\Peojekt\uqlm_white_box_scorer\phase_2_medical\outputs\ablations\oof_seeds\pubmedqa_mistral\seed_123\pubmedqa_mistral_seed123.B5000.manifest.json,C:\Users\nikla\Desktop\Peojekt\uqlm_white_box_scorer\phase_2_medical\outputs\ablations\oof_seeds\pubmedqa_mistral\seed_123\pubmedqa_mistral_seed123.B5000.results.jsonl,C:\Users\nikla\Desktop\Peojekt\uqlm_white_box_scorer\phase_2_medical\outputs\ablations\oof_seeds\pubmedqa_mistral\seed_123\pubmedqa_mistral_seed123.B5000.manifest.bootstrap_indices.npz
pubmedqa,mistral,999,lntp,1.0,1000,0.513,0.7128078581120839,0.7130084084841352,0.6807211174754135,0.7442826350613014,0.36884779180069516,0.31294019454026983,0.4230031204627348,C:\Users\nikla\Desktop\Peojekt\uqlm_white_box_scorer\phase_2_medical\outputs\ablations\oof_seeds\pubmedqa_mistral\seed_999\pubmedqa_mistral_seed999.B5000.manifest.json,C:\Users\nikla\Desktop\Peojekt\uqlm_white_box_scorer\phase_2_medical\outputs\ablations\oof_seeds\pubmedqa_mistral\seed_999\pubmedqa_mistral_seed999.B5000.results.jsonl,C:\Users\nikla\Desktop\Peojekt\uqlm_white_box_scorer\phase_2_medical\outputs\ablations\oof_seeds\pubmedqa_mistral\seed_999\pubmedqa_mistral_seed999.B5000.manifest.bootstrap_indices.npz
pubmedqa,mistral,2026,lntp,1.0,1000,0.513,0.7128078581120839,0.7130981003158134,0.6814166376470494,0.7455386841504859,0.3690030359675406,0.31414373302070364,0.4251775990987969,C:\Users\nikla\Desktop\Peojekt\uqlm_white_box_scorer\phase_2_medical\outputs\ablations\oof_seeds\pubmedqa_mistral\seed_2026\pubmedqa_mistral_seed2026.B5000.manifest.json,C:\Users\nikla\Desktop\Peojekt\uqlm_white_box_scorer\phase_2_medical\outputs\ablations\oof_seeds\pubmedqa_mistral\seed_2026\pubmedqa_mistral_seed2026.B5000.results.jsonl,C:\Users\nikla\Desktop\Peojekt\uqlm_white_box_scorer\phase_2_medical\outputs\ablations\oof_seeds\pubmedqa_mistral\seed_2026\pubmedqa_mistral_seed2026.B5000.manifest.bootstrap_indices.npz
pubmedqa,mistral,0,mtp,1.0,1000,0.513,0.7128078581120839,0.7128377070899928,0.6803356569040672,0.7443578358970666,0.3685521772809506,0.3122700054462438,0.4231319859011493,C:\Users\nikla\Desktop\Peojekt\uqlm_white_box_scorer\phase_2_medical\outputs\ablations\oof_seeds\pubmedqa_mistral\seed_0\pubmedqa_mistral_seed0.B5000.manifest.json,C:\Users\nikla\Desktop\Peojekt\uqlm_white_box_scorer\phase_2_medical\outputs\ablations\oof_seeds\pubmedqa_mistral\seed_0\pubmedqa_mistral_seed0.B5000.results.jsonl,C:\Users\nikla\Desktop\Peojekt\uqlm_white_box_scorer\phase_2_medical\outputs\ablations\oof_seeds\pubmedqa_mistral\seed_0\pubmedqa_mistral_seed0.B5000.manifest.bootstrap_indices.npz
pubmedqa,mistral,42,mtp,1.0,1000,0.513,0.7128078581120839,0.712699408800349,0.6805072228826687,0.7441522969527398,0.3683127307825346,0.3125693630297912,0.4227740245798434,C:\Users\nikla\Desktop\Peojekt\uqlm_white_box_scorer\phase_2_medical\outputs\ablations\oof_seeds\pubmedqa_mistral\seed_42\pubmedqa_mistral_seed42.B5000.manifest.json,C:\Users\nikla\Desktop\Peojekt\uqlm_white_box_scorer\phase_2_medical\outputs\ablations\oof_seeds\pubmedqa_mistral\seed_42\pubmedqa_mistral_seed42.B5000.results.jsonl,C:\Users\nikla\Desktop\Peojekt\uqlm_white_box_scorer\phase_2_medical\outputs\ablations\oof_seeds\pubmedqa_mistral\seed_42\pubmedqa_mistral_seed42.B5000.manifest.bootstrap_indices.npz
pubmedqa,mistral,123,mtp,1.0,1000,0.513,0.7128078581120839,0.7128900824957671,0.6801471294595147,0.7443483294707223,0.36864289438931547,0.31195137712479865,0.4231149575489193,C:\Users\nikla\Desktop\Peojekt\uqlm_white_box_scorer\phase_2_medical\outputs\ablations\oof_seeds\pubmedqa_mistral\seed_123\pubmedqa_mistral_seed123.B5000.manifest.json,C:\Users\nikla\Desktop\Peojekt\uqlm_white_box_scorer\phase_2_medical\outputs\ablations\oof_seeds\pubmedqa_mistral\seed_123\pubmedqa_mistral_seed123.B5000.results.jsonl,C:\Users\nikla\Desktop\Peojekt\uqlm_white_box_scorer\phase_2_medical\outputs\ablations\oof_seeds\pubmedqa_mistral\seed_123\pubmedqa_mistral_seed123.B5000.manifest.bootstrap_indices.npz
pubmedqa,mistral,999,mtp,1.0,1000,0.513,0.7128078581120839,0.7130084084841352,0.6807211174754135,0.7442826350613014,0.36884779180069516,0.31294019454026983,0.4230031204627348,C:\Users\nikla\Desktop\Peojekt\uqlm_white_box_scorer\phase_2_medical\outputs\ablations\oof_seeds\pubmedqa_mistral\seed_999\pubmedqa_mistral_seed999.B5000.manifest.json,C:\Users\nikla\Desktop\Peojekt\uqlm_white_box_scorer\phase_2_medical\outputs\ablations\oof_seeds\pubmedqa_mistral\seed_999\pubmedqa_mistral_seed999.B5000.results.jsonl,C:\Users\nikla\Desktop\Peojekt\uqlm_white_box_scorer\phase_2_medical\outputs\ablations\oof_seeds\pubmedqa_mistral\seed_999\pubmedqa_mistral_seed999.B5000.manifest.bootstrap_indices.npz
pubmedqa,mistral,2026,mtp,1.0,1000,0.513,0.7128078581120839,0.7130981003158134,0.6814166376470494,0.7455386841504859,0.3690030359675406,0.31414373302070364,0.4251775990987969,C:\Users\nikla\Desktop\Peojekt\uqlm_white_box_scorer\phase_2_medical\outputs\ablations\oof_seeds\pubmedqa_mistral\seed_2026\pubmedqa_mistral_seed2026.B5000.manifest.json,C:\Users\nikla\Desktop\Peojekt\uqlm_white_box_scorer\phase_2_medical\outputs\ablations\oof_seeds\pubmedqa_mistral\seed_2026\pubmedqa_mistral_seed2026.B5000.results.jsonl,C:\Users\nikla\Desktop\Peojekt\uqlm_white_box_scorer\phase_2_medical\outputs\ablations\oof_seeds\pubmedqa_mistral\seed_2026\pubmedqa_mistral_seed2026.B5000.manifest.bootstrap_indices.npz
