task,model,score,direction,auroc,boot_mean,ci95_lo,ci95_hi,N,pos_rate,results_file,boot_file,manifest_file
medqa,biomistral,egh_probe_oof,1.0,0.5668652984938772,0.5665613367800608,0.5302982309226469,0.6020697557758979,1000,0.553,C:\Users\nikla\Desktop\Peojekt\uqlm_white_box_scorer\phase_2_medical\outputs\final\medqa_biomistral.B5000.results.jsonl,C:\Users\nikla\Desktop\Peojekt\uqlm_white_box_scorer\phase_2_medical\outputs\final\medqa_biomistral.B5000.manifest.bootstrap_indices.npz,C:\Users\nikla\Desktop\Peojekt\uqlm_white_box_scorer\phase_2_medical\outputs\final\medqa_biomistral.B5000.manifest.json
medqa,biomistral,hidden_probe_oof,1.0,0.5152169779644081,0.514711322823242,0.47903331836515084,0.5505557443434428,1000,0.553,C:\Users\nikla\Desktop\Peojekt\uqlm_white_box_scorer\phase_2_medical\outputs\final\medqa_biomistral.B5000.results.jsonl,C:\Users\nikla\Desktop\Peojekt\uqlm_white_box_scorer\phase_2_medical\outputs\final\medqa_biomistral.B5000.manifest.bootstrap_indices.npz,C:\Users\nikla\Desktop\Peojekt\uqlm_white_box_scorer\phase_2_medical\outputs\final\medqa_biomistral.B5000.manifest.json
medqa,biomistral,lntp,1.0,0.5010194545917934,0.5007611474527794,0.4647801699900078,0.536776268148921,1000,0.553,C:\Users\nikla\Desktop\Peojekt\uqlm_white_box_scorer\phase_2_medical\outputs\final\medqa_biomistral.B5000.results.jsonl,C:\Users\nikla\Desktop\Peojekt\uqlm_white_box_scorer\phase_2_medical\outputs\final\medqa_biomistral.B5000.manifest.bootstrap_indices.npz,C:\Users\nikla\Desktop\Peojekt\uqlm_white_box_scorer\phase_2_medical\outputs\final\medqa_biomistral.B5000.manifest.json
medqa,biomistral,mtp,1.0,0.5010194545917934,0.5007611474527794,0.4647801699900078,0.536776268148921,1000,0.553,C:\Users\nikla\Desktop\Peojekt\uqlm_white_box_scorer\phase_2_medical\outputs\final\medqa_biomistral.B5000.results.jsonl,C:\Users\nikla\Desktop\Peojekt\uqlm_white_box_scorer\phase_2_medical\outputs\final\medqa_biomistral.B5000.manifest.bootstrap_indices.npz,C:\Users\nikla\Desktop\Peojekt\uqlm_white_box_scorer\phase_2_medical\outputs\final\medqa_biomistral.B5000.manifest.json
medqa,mistral,egh_probe_oof,1.0,0.5981375702011232,0.5980336709387349,0.5622367957887326,0.6341342461479383,1000,0.498,C:\Users\nikla\Desktop\Peojekt\uqlm_white_box_scorer\phase_2_medical\outputs\final\medqa_mistral.B5000.results.jsonl,C:\Users\nikla\Desktop\Peojekt\uqlm_white_box_scorer\phase_2_medical\outputs\final\medqa_mistral.B5000.manifest.bootstrap_indices.npz,C:\Users\nikla\Desktop\Peojekt\uqlm_white_box_scorer\phase_2_medical\outputs\final\medqa_mistral.B5000.manifest.json
medqa,mistral,hidden_probe_oof,1.0,0.5748771980351686,0.574861364181827,0.5388777220435528,0.6094223507576121,1000,0.498,C:\Users\nikla\Desktop\Peojekt\uqlm_white_box_scorer\phase_2_medical\outputs\final\medqa_mistral.B5000.results.jsonl,C:\Users\nikla\Desktop\Peojekt\uqlm_white_box_scorer\phase_2_medical\outputs\final\medqa_mistral.B5000.manifest.bootstrap_indices.npz,C:\Users\nikla\Desktop\Peojekt\uqlm_white_box_scorer\phase_2_medical\outputs\final\medqa_mistral.B5000.manifest.json
medqa,mistral,mtp,1.0,0.5083941343061489,0.5082567961087378,0.4724829597273556,0.5444254108065729,1000,0.498,C:\Users\nikla\Desktop\Peojekt\uqlm_white_box_scorer\phase_2_medical\outputs\final\medqa_mistral.B5000.results.jsonl,C:\Users\nikla\Desktop\Peojekt\uqlm_white_box_scorer\phase_2_medical\outputs\final\medqa_mistral.B5000.manifest.bootstrap_indices.npz,C:\Users\nikla\Desktop\Peojekt\uqlm_white_box_scorer\phase_2_medical\outputs\final\medqa_mistral.B5000.manifest.json
medqa,mistral,lntp,1.0,0.5050500808012928,0.5048903198451175,0.46928480855693694,0.5407492019872318,1000,0.498,C:\Users\nikla\Desktop\Peojekt\uqlm_white_box_scorer\phase_2_medical\outputs\final\medqa_mistral.B5000.results.jsonl,C:\Users\nikla\Desktop\Peojekt\uqlm_white_box_scorer\phase_2_medical\outputs\final\medqa_mistral.B5000.manifest.bootstrap_indices.npz,C:\Users\nikla\Desktop\Peojekt\uqlm_white_box_scorer\phase_2_medical\outputs\final\medqa_mistral.B5000.manifest.json
pubmedqa,biomistral,hidden_probe_oof,1.0,0.6609145780051151,0.6612160736572891,0.6267293094629157,0.6954685421994884,1000,0.425,C:\Users\nikla\Desktop\Peojekt\uqlm_white_box_scorer\phase_2_medical\outputs\final\pubmedqa_biomistral.B5000.results.jsonl,C:\Users\nikla\Desktop\Peojekt\uqlm_white_box_scorer\phase_2_medical\outputs\final\pubmedqa_biomistral.B5000.manifest.bootstrap_indices.npz,C:\Users\nikla\Desktop\Peojekt\uqlm_white_box_scorer\phase_2_medical\outputs\final\pubmedqa_biomistral.B5000.manifest.json
pubmedqa,biomistral,egh_probe_oof,1.0,0.6289350383631713,0.62892470342711,0.5944097186700767,0.6640972890025575,1000,0.425,C:\Users\nikla\Desktop\Peojekt\uqlm_white_box_scorer\phase_2_medical\outputs\final\pubmedqa_biomistral.B5000.results.jsonl,C:\Users\nikla\Desktop\Peojekt\uqlm_white_box_scorer\phase_2_medical\outputs\final\pubmedqa_biomistral.B5000.manifest.bootstrap_indices.npz,C:\Users\nikla\Desktop\Peojekt\uqlm_white_box_scorer\phase_2_medical\outputs\final\pubmedqa_biomistral.B5000.manifest.json
pubmedqa,biomistral,lntp,1.0,0.598657800511509,0.5988507756521739,0.5637937084398977,0.634490588235294,1000,0.425,C:\Users\nikla\Desktop\Peojekt\uqlm_white_box_scorer\phase_2_medical\outputs\final\pubmedqa_biomistral.B5000.results.jsonl,C:\Users\nikla\Desktop\Peojekt\uqlm_white_box_scorer\phase_2_medical\outputs\final\pubmedqa_biomistral.B5000.manifest.bootstrap_indices.npz,C:\Users\nikla\Desktop\Peojekt\uqlm_white_box_scorer\phase_2_medical\outputs\final\pubmedqa_biomistral.B5000.manifest.json
pubmedqa,biomistral,mtp,1.0,0.598657800511509,0.5988507756521739,0.5637937084398977,0.634490588235294,1000,0.425,C:\Users\nikla\Desktop\Peojekt\uqlm_white_box_scorer\phase_2_medical\outputs\final\pubmedqa_biomistral.B5000.results.jsonl,C:\Users\nikla\Desktop\Peojekt\uqlm_white_box_scorer\phase_2_medical\outputs\final\pubmedqa_biomistral.B5000.manifest.bootstrap_indices.npz,C:\Users\nikla\Desktop\Peojekt\uqlm_white_box_scorer\phase_2_medical\outputs\final\pubmedqa_biomistral.B5000.manifest.json
pubmedqa,mistral,egh_probe_oof,1.0,0.7173089008169522,0.7170098746752804,0.685788292885991,0.748670801461788,1000,0.513,C:\Users\nikla\Desktop\Peojekt\uqlm_white_box_scorer\phase_2_medical\outputs\final\pubmedqa_mistral.B5000.results.jsonl,C:\Users\nikla\Desktop\Peojekt\uqlm_white_box_scorer\phase_2_medical\outputs\final\pubmedqa_mistral.B5000.manifest.bootstrap_indices.npz,C:\Users\nikla\Desktop\Peojekt\uqlm_white_box_scorer\phase_2_medical\outputs\final\pubmedqa_mistral.B5000.manifest.json
pubmedqa,mistral,lntp,1.0,0.7128078581120839,0.712699408800349,0.6805072228826687,0.7441522969527398,1000,0.513,C:\Users\nikla\Desktop\Peojekt\uqlm_white_box_scorer\phase_2_medical\outputs\final\pubmedqa_mistral.B5000.results.jsonl,C:\Users\nikla\Desktop\Peojekt\uqlm_white_box_scorer\phase_2_medical\outputs\final\pubmedqa_mistral.B5000.manifest.bootstrap_indices.npz,C:\Users\nikla\Desktop\Peojekt\uqlm_white_box_scorer\phase_2_medical\outputs\final\pubmedqa_mistral.B5000.manifest.json
pubmedqa,mistral,mtp,1.0,0.7128078581120839,0.712699408800349,0.6805072228826687,0.7441522969527398,1000,0.513,C:\Users\nikla\Desktop\Peojekt\uqlm_white_box_scorer\phase_2_medical\outputs\final\pubmedqa_mistral.B5000.results.jsonl,C:\Users\nikla\Desktop\Peojekt\uqlm_white_box_scorer\phase_2_medical\outputs\final\pubmedqa_mistral.B5000.manifest.bootstrap_indices.npz,C:\Users\nikla\Desktop\Peojekt\uqlm_white_box_scorer\phase_2_medical\outputs\final\pubmedqa_mistral.B5000.manifest.json
pubmedqa,mistral,hidden_probe_oof,1.0,0.6863159495819173,0.6865352922575662,0.6532202769071894,0.7194677602058991,1000,0.513,C:\Users\nikla\Desktop\Peojekt\uqlm_white_box_scorer\phase_2_medical\outputs\final\pubmedqa_mistral.B5000.results.jsonl,C:\Users\nikla\Desktop\Peojekt\uqlm_white_box_scorer\phase_2_medical\outputs\final\pubmedqa_mistral.B5000.manifest.bootstrap_indices.npz,C:\Users\nikla\Desktop\Peojekt\uqlm_white_box_scorer\phase_2_medical\outputs\final\pubmedqa_mistral.B5000.manifest.json
