qid,hallucinated,scorer,score_column,score,threshold,predicted_label,group
10,0,EGH,scores.egh_probe_oof,0.38091202680841507,0.5583101958587429,0,TN
138,0,EGH,scores.egh_probe_oof,0.0037467644499091664,0.5583101958587429,0,TN
140,0,EGH,scores.egh_probe_oof,0.041698070213648734,0.5583101958587429,0,TN
148,0,EGH,scores.egh_probe_oof,0.067371457404083,0.5583101958587429,0,TN
149,0,EGH,scores.egh_probe_oof,0.0030009365065859486,0.5583101958587429,0,TN
150,0,EGH,scores.egh_probe_oof,0.008555073107815262,0.5583101958587429,0,TN
151,0,EGH,scores.egh_probe_oof,0.10577960687662956,0.5583101958587429,0,TN
16,0,EGH,scores.egh_probe_oof,0.5325658665177283,0.5583101958587429,0,TN
164,0,EGH,scores.egh_probe_oof,0.5077974552677523,0.5583101958587429,0,TN
171,0,EGH,scores.egh_probe_oof,8.353450948957722e-06,0.5583101958587429,0,TN
172,0,EGH,scores.egh_probe_oof,0.011218484369831916,0.5583101958587429,0,TN
180,0,EGH,scores.egh_probe_oof,0.0010625384633388309,0.5583101958587429,0,TN
185,0,EGH,scores.egh_probe_oof,0.25131284948748284,0.5583101958587429,0,TN
188,0,EGH,scores.egh_probe_oof,0.0838472438074401,0.5583101958587429,0,TN
191,0,EGH,scores.egh_probe_oof,0.004735751660434587,0.5583101958587429,0,TN
192,0,EGH,scores.egh_probe_oof,0.017576493686638172,0.5583101958587429,0,TN
198,0,EGH,scores.egh_probe_oof,0.06311551443964168,0.5583101958587429,0,TN
199,0,EGH,scores.egh_probe_oof,3.737823546931315e-07,0.5583101958587429,0,TN
200,0,EGH,scores.egh_probe_oof,0.14155079958470726,0.5583101958587429,0,TN
212,0,EGH,scores.egh_probe_oof,0.511294697246593,0.5583101958587429,0,TN
227,0,EGH,scores.egh_probe_oof,0.5570446211023868,0.5583101958587429,0,TN
229,0,EGH,scores.egh_probe_oof,0.012985849136909351,0.5583101958587429,0,TN
232,0,EGH,scores.egh_probe_oof,0.045420775407325746,0.5583101958587429,0,TN
239,0,EGH,scores.egh_probe_oof,0.0003475038517561641,0.5583101958587429,0,TN
241,0,EGH,scores.egh_probe_oof,0.05248778665517017,0.5583101958587429,0,TN
262,0,EGH,scores.egh_probe_oof,0.0004166659090958225,0.5583101958587429,0,TN
263,0,EGH,scores.egh_probe_oof,0.09287874270086582,0.5583101958587429,0,TN
268,0,EGH,scores.egh_probe_oof,0.004660362131732122,0.5583101958587429,0,TN
272,0,EGH,scores.egh_probe_oof,0.10213833674735347,0.5583101958587429,0,TN
277,0,EGH,scores.egh_probe_oof,0.0011198893163808059,0.5583101958587429,0,TN
280,0,EGH,scores.egh_probe_oof,0.006369064197792745,0.5583101958587429,0,TN
290,0,EGH,scores.egh_probe_oof,0.4838301386430484,0.5583101958587429,0,TN
293,0,EGH,scores.egh_probe_oof,0.24876793954227436,0.5583101958587429,0,TN
294,0,EGH,scores.egh_probe_oof,0.267385590435601,0.5583101958587429,0,TN
299,0,EGH,scores.egh_probe_oof,0.07021317410071387,0.5583101958587429,0,TN
31,0,EGH,scores.egh_probe_oof,0.4733189057595081,0.5583101958587429,0,TN
315,0,EGH,scores.egh_probe_oof,0.0042019294006839045,0.5583101958587429,0,TN
316,0,EGH,scores.egh_probe_oof,0.050657572028235065,0.5583101958587429,0,TN
329,0,EGH,scores.egh_probe_oof,0.10585480019126024,0.5583101958587429,0,TN
33,0,EGH,scores.egh_probe_oof,0.39527216279474864,0.5583101958587429,0,TN
365,0,EGH,scores.egh_probe_oof,0.38684435059256145,0.5583101958587429,0,TN
368,0,EGH,scores.egh_probe_oof,0.01478561600922977,0.5583101958587429,0,TN
372,0,EGH,scores.egh_probe_oof,0.3437159737708342,0.5583101958587429,0,TN
386,0,EGH,scores.egh_probe_oof,0.28444542159394265,0.5583101958587429,0,TN
40,0,EGH,scores.egh_probe_oof,0.06611015266157884,0.5583101958587429,0,TN
406,0,EGH,scores.egh_probe_oof,0.003441550846067707,0.5583101958587429,0,TN
42,0,EGH,scores.egh_probe_oof,0.08620072269074949,0.5583101958587429,0,TN
43,0,EGH,scores.egh_probe_oof,0.000315444288523209,0.5583101958587429,0,TN
444,0,EGH,scores.egh_probe_oof,0.16453251447289255,0.5583101958587429,0,TN
45,0,EGH,scores.egh_probe_oof,0.023248093583786173,0.5583101958587429,0,TN
467,0,EGH,scores.egh_probe_oof,0.07298574965553241,0.5583101958587429,0,TN
490,0,EGH,scores.egh_probe_oof,0.0488201248929999,0.5583101958587429,0,TN
493,0,EGH,scores.egh_probe_oof,0.018590137428046886,0.5583101958587429,0,TN
499,0,EGH,scores.egh_probe_oof,0.2743156390442461,0.5583101958587429,0,TN
50,0,EGH,scores.egh_probe_oof,0.01249835743242127,0.5583101958587429,0,TN
501,0,EGH,scores.egh_probe_oof,8.49095199476414e-05,0.5583101958587429,0,TN
504,0,EGH,scores.egh_probe_oof,0.26752549743885295,0.5583101958587429,0,TN
508,0,EGH,scores.egh_probe_oof,0.26264660177602045,0.5583101958587429,0,TN
523,0,EGH,scores.egh_probe_oof,0.0013140446263741712,0.5583101958587429,0,TN
524,0,EGH,scores.egh_probe_oof,4.271227197565601e-05,0.5583101958587429,0,TN
525,0,EGH,scores.egh_probe_oof,0.025826050083701025,0.5583101958587429,0,TN
528,0,EGH,scores.egh_probe_oof,0.0019067378839372074,0.5583101958587429,0,TN
530,0,EGH,scores.egh_probe_oof,0.004387097828303131,0.5583101958587429,0,TN
532,0,EGH,scores.egh_probe_oof,9.151248404142915e-05,0.5583101958587429,0,TN
533,0,EGH,scores.egh_probe_oof,0.04150595665450987,0.5583101958587429,0,TN
538,0,EGH,scores.egh_probe_oof,0.47217044026838484,0.5583101958587429,0,TN
550,0,EGH,scores.egh_probe_oof,0.01222759954956492,0.5583101958587429,0,TN
554,0,EGH,scores.egh_probe_oof,0.0008321246654398486,0.5583101958587429,0,TN
555,0,EGH,scores.egh_probe_oof,0.374060519275226,0.5583101958587429,0,TN
56,0,EGH,scores.egh_probe_oof,0.0004202552640795039,0.5583101958587429,0,TN
569,0,EGH,scores.egh_probe_oof,0.00017597953997138262,0.5583101958587429,0,TN
571,0,EGH,scores.egh_probe_oof,3.358210439351947e-06,0.5583101958587429,0,TN
579,0,EGH,scores.egh_probe_oof,9.558676057663294e-05,0.5583101958587429,0,TN
585,0,EGH,scores.egh_probe_oof,0.5070230441998973,0.5583101958587429,0,TN
608,0,EGH,scores.egh_probe_oof,0.044540725265604944,0.5583101958587429,0,TN
638,0,EGH,scores.egh_probe_oof,0.2355655426402064,0.5583101958587429,0,TN
651,0,EGH,scores.egh_probe_oof,0.0011139944339353383,0.5583101958587429,0,TN
659,0,EGH,scores.egh_probe_oof,3.072033358037723e-06,0.5583101958587429,0,TN
661,0,EGH,scores.egh_probe_oof,0.265793017057308,0.5583101958587429,0,TN
662,0,EGH,scores.egh_probe_oof,0.0009885658357632876,0.5583101958587429,0,TN
664,0,EGH,scores.egh_probe_oof,0.0006913838389013186,0.5583101958587429,0,TN
668,0,EGH,scores.egh_probe_oof,0.000777454919473779,0.5583101958587429,0,TN
673,0,EGH,scores.egh_probe_oof,0.1260095854329497,0.5583101958587429,0,TN
676,0,EGH,scores.egh_probe_oof,0.0175760554405252,0.5583101958587429,0,TN
678,0,EGH,scores.egh_probe_oof,0.24097678651490026,0.5583101958587429,0,TN
698,0,EGH,scores.egh_probe_oof,0.4971419223401188,0.5583101958587429,0,TN
700,0,EGH,scores.egh_probe_oof,0.45141451553704925,0.5583101958587429,0,TN
712,0,EGH,scores.egh_probe_oof,0.09538451740528839,0.5583101958587429,0,TN
724,0,EGH,scores.egh_probe_oof,0.15171118023033825,0.5583101958587429,0,TN
741,0,EGH,scores.egh_probe_oof,0.03864650778578399,0.5583101958587429,0,TN
742,0,EGH,scores.egh_probe_oof,0.26610628783266155,0.5583101958587429,0,TN
748,0,EGH,scores.egh_probe_oof,0.26355022763486097,0.5583101958587429,0,TN
753,0,EGH,scores.egh_probe_oof,0.1430803396432417,0.5583101958587429,0,TN
772,0,EGH,scores.egh_probe_oof,0.38170862159508695,0.5583101958587429,0,TN
78,0,EGH,scores.egh_probe_oof,2.2735266016679362e-05,0.5583101958587429,0,TN
781,0,EGH,scores.egh_probe_oof,0.0054625856511976555,0.5583101958587429,0,TN
787,0,EGH,scores.egh_probe_oof,0.09450668861971707,0.5583101958587429,0,TN
803,0,EGH,scores.egh_probe_oof,0.04130513882262998,0.5583101958587429,0,TN
808,0,EGH,scores.egh_probe_oof,0.00263735473963344,0.5583101958587429,0,TN
85,0,EGH,scores.egh_probe_oof,0.20611056140354703,0.5583101958587429,0,TN
86,0,EGH,scores.egh_probe_oof,0.04172506442110896,0.5583101958587429,0,TN
88,0,EGH,scores.egh_probe_oof,0.0008387362200758552,0.5583101958587429,0,TN
105,1,EGH,scores.egh_probe_oof,0.381072418878389,0.5583101958587429,0,FN
106,1,EGH,scores.egh_probe_oof,0.05975593600537262,0.5583101958587429,0,FN
118,1,EGH,scores.egh_probe_oof,0.3287183967642594,0.5583101958587429,0,FN
119,1,EGH,scores.egh_probe_oof,0.2068027787369524,0.5583101958587429,0,FN
13,1,EGH,scores.egh_probe_oof,0.3960482962251506,0.5583101958587429,0,FN
155,1,EGH,scores.egh_probe_oof,0.14552273637314478,0.5583101958587429,0,FN
162,1,EGH,scores.egh_probe_oof,0.16675315296450366,0.5583101958587429,0,FN
177,1,EGH,scores.egh_probe_oof,0.20080142616683583,0.5583101958587429,0,FN
193,1,EGH,scores.egh_probe_oof,0.15779693577387047,0.5583101958587429,0,FN
221,1,EGH,scores.egh_probe_oof,0.1609996226534515,0.5583101958587429,0,FN
236,1,EGH,scores.egh_probe_oof,0.04591964650077863,0.5583101958587429,0,FN
237,1,EGH,scores.egh_probe_oof,0.0082889895307914,0.5583101958587429,0,FN
251,1,EGH,scores.egh_probe_oof,0.014395478543270923,0.5583101958587429,0,FN
256,1,EGH,scores.egh_probe_oof,0.059096102568876936,0.5583101958587429,0,FN
355,1,EGH,scores.egh_probe_oof,0.41050130577109106,0.5583101958587429,0,FN
369,1,EGH,scores.egh_probe_oof,0.25800617841769274,0.5583101958587429,0,FN
39,1,EGH,scores.egh_probe_oof,0.059351334736781905,0.5583101958587429,0,FN
392,1,EGH,scores.egh_probe_oof,0.24300378541659368,0.5583101958587429,0,FN
396,1,EGH,scores.egh_probe_oof,0.4321708636855875,0.5583101958587429,0,FN
404,1,EGH,scores.egh_probe_oof,0.021388598903646368,0.5583101958587429,0,FN
411,1,EGH,scores.egh_probe_oof,0.1462741950286924,0.5583101958587429,0,FN
428,1,EGH,scores.egh_probe_oof,0.21878563299345444,0.5583101958587429,0,FN
452,1,EGH,scores.egh_probe_oof,0.0003697721920648067,0.5583101958587429,0,FN
458,1,EGH,scores.egh_probe_oof,0.008405294620324986,0.5583101958587429,0,FN
466,1,EGH,scores.egh_probe_oof,0.05954385988537779,0.5583101958587429,0,FN
49,1,EGH,scores.egh_probe_oof,0.3867408005634451,0.5583101958587429,0,FN
507,1,EGH,scores.egh_probe_oof,0.03215350855607876,0.5583101958587429,0,FN
531,1,EGH,scores.egh_probe_oof,0.005094549509466511,0.5583101958587429,0,FN
539,1,EGH,scores.egh_probe_oof,0.010845437292297451,0.5583101958587429,0,FN
556,1,EGH,scores.egh_probe_oof,0.33842945632901744,0.5583101958587429,0,FN
561,1,EGH,scores.egh_probe_oof,0.02262562649697305,0.5583101958587429,0,FN
587,1,EGH,scores.egh_probe_oof,0.2820671145281966,0.5583101958587429,0,FN
605,1,EGH,scores.egh_probe_oof,0.003907150480157392,0.5583101958587429,0,FN
636,1,EGH,scores.egh_probe_oof,0.012294760232947016,0.5583101958587429,0,FN
666,1,EGH,scores.egh_probe_oof,0.37898224176707906,0.5583101958587429,0,FN
695,1,EGH,scores.egh_probe_oof,0.026697498899100863,0.5583101958587429,0,FN
697,1,EGH,scores.egh_probe_oof,0.23126234568006288,0.5583101958587429,0,FN
717,1,EGH,scores.egh_probe_oof,0.24230193143755674,0.5583101958587429,0,FN
720,1,EGH,scores.egh_probe_oof,0.39286541335425146,0.5583101958587429,0,FN
731,1,EGH,scores.egh_probe_oof,0.1271890074286363,0.5583101958587429,0,FN
74,1,EGH,scores.egh_probe_oof,0.004170383843288664,0.5583101958587429,0,FN
740,1,EGH,scores.egh_probe_oof,0.33883619719650293,0.5583101958587429,0,FN
763,1,EGH,scores.egh_probe_oof,0.11725141114355248,0.5583101958587429,0,FN
766,1,EGH,scores.egh_probe_oof,0.5126831739115404,0.5583101958587429,0,FN
774,1,EGH,scores.egh_probe_oof,0.07840273670521347,0.5583101958587429,0,FN
799,1,EGH,scores.egh_probe_oof,0.09576005074666916,0.5583101958587429,0,FN
805,1,EGH,scores.egh_probe_oof,0.04114532725796885,0.5583101958587429,0,FN
84,1,EGH,scores.egh_probe_oof,0.037794764888083573,0.5583101958587429,0,FN
115,0,EGH,scores.egh_probe_oof,0.6416623311950893,0.5583101958587429,1,FP
152,0,EGH,scores.egh_probe_oof,0.9103628560301215,0.5583101958587429,1,FP
201,0,EGH,scores.egh_probe_oof,0.9544367832800891,0.5583101958587429,1,FP
209,0,EGH,scores.egh_probe_oof,0.8719535871988503,0.5583101958587429,1,FP
247,0,EGH,scores.egh_probe_oof,0.925858211607492,0.5583101958587429,1,FP
249,0,EGH,scores.egh_probe_oof,0.9801494608622227,0.5583101958587429,1,FP
264,0,EGH,scores.egh_probe_oof,0.9974913892287274,0.5583101958587429,1,FP
28,0,EGH,scores.egh_probe_oof,0.677921005887047,0.5583101958587429,1,FP
311,0,EGH,scores.egh_probe_oof,0.6160718123251923,0.5583101958587429,1,FP
325,0,EGH,scores.egh_probe_oof,0.969419870662245,0.5583101958587429,1,FP
333,0,EGH,scores.egh_probe_oof,0.9971706560934183,0.5583101958587429,1,FP
335,0,EGH,scores.egh_probe_oof,0.9869002110251718,0.5583101958587429,1,FP
350,0,EGH,scores.egh_probe_oof,0.6256487201041117,0.5583101958587429,1,FP
36,0,EGH,scores.egh_probe_oof,0.8944613492994461,0.5583101958587429,1,FP
391,0,EGH,scores.egh_probe_oof,0.9956100226372017,0.5583101958587429,1,FP
393,0,EGH,scores.egh_probe_oof,0.9976974820647462,0.5583101958587429,1,FP
402,0,EGH,scores.egh_probe_oof,0.8609667589455946,0.5583101958587429,1,FP
407,0,EGH,scores.egh_probe_oof,0.943047239552102,0.5583101958587429,1,FP
409,0,EGH,scores.egh_probe_oof,0.7081181651515925,0.5583101958587429,1,FP
417,0,EGH,scores.egh_probe_oof,0.9991363005510093,0.5583101958587429,1,FP
421,0,EGH,scores.egh_probe_oof,0.9995450601051096,0.5583101958587429,1,FP
430,0,EGH,scores.egh_probe_oof,0.9979036094337864,0.5583101958587429,1,FP
431,0,EGH,scores.egh_probe_oof,0.9202222043834554,0.5583101958587429,1,FP
443,0,EGH,scores.egh_probe_oof,0.9908814790154126,0.5583101958587429,1,FP
460,0,EGH,scores.egh_probe_oof,0.9898859219536637,0.5583101958587429,1,FP
463,0,EGH,scores.egh_probe_oof,0.6426947797487951,0.5583101958587429,1,FP
472,0,EGH,scores.egh_probe_oof,0.9983289077957933,0.5583101958587429,1,FP
483,0,EGH,scores.egh_probe_oof,0.7602049254325709,0.5583101958587429,1,FP
520,0,EGH,scores.egh_probe_oof,0.9980951335976294,0.5583101958587429,1,FP
535,0,EGH,scores.egh_probe_oof,0.9942970755340232,0.5583101958587429,1,FP
553,0,EGH,scores.egh_probe_oof,0.6397734814830037,0.5583101958587429,1,FP
572,0,EGH,scores.egh_probe_oof,0.8988255633331315,0.5583101958587429,1,FP
576,0,EGH,scores.egh_probe_oof,0.8914632932438196,0.5583101958587429,1,FP
602,0,EGH,scores.egh_probe_oof,0.9931083979640706,0.5583101958587429,1,FP
629,0,EGH,scores.egh_probe_oof,0.9873890208142073,0.5583101958587429,1,FP
641,0,EGH,scores.egh_probe_oof,0.6958624842401044,0.5583101958587429,1,FP
657,0,EGH,scores.egh_probe_oof,0.7700732561077954,0.5583101958587429,1,FP
689,0,EGH,scores.egh_probe_oof,0.8629287930568762,0.5583101958587429,1,FP
694,0,EGH,scores.egh_probe_oof,0.8180765448352952,0.5583101958587429,1,FP
707,0,EGH,scores.egh_probe_oof,0.6901552691384627,0.5583101958587429,1,FP
726,0,EGH,scores.egh_probe_oof,0.9901263448459343,0.5583101958587429,1,FP
735,0,EGH,scores.egh_probe_oof,0.776841236993886,0.5583101958587429,1,FP
736,0,EGH,scores.egh_probe_oof,0.8190805525202812,0.5583101958587429,1,FP
739,0,EGH,scores.egh_probe_oof,0.9860698136312104,0.5583101958587429,1,FP
745,0,EGH,scores.egh_probe_oof,0.6670240200378207,0.5583101958587429,1,FP
746,0,EGH,scores.egh_probe_oof,0.8878894323644133,0.5583101958587429,1,FP
762,0,EGH,scores.egh_probe_oof,0.6491721563484069,0.5583101958587429,1,FP
816,0,EGH,scores.egh_probe_oof,0.5763590580237999,0.5583101958587429,1,FP
9,0,EGH,scores.egh_probe_oof,0.96402548213805,0.5583101958587429,1,FP
101,1,EGH,scores.egh_probe_oof,0.9748052387566144,0.5583101958587429,1,TP
110,1,EGH,scores.egh_probe_oof,0.9988541135247575,0.5583101958587429,1,TP
124,1,EGH,scores.egh_probe_oof,0.7076234188525354,0.5583101958587429,1,TP
129,1,EGH,scores.egh_probe_oof,0.9999999999999996,0.5583101958587429,1,TP
132,1,EGH,scores.egh_probe_oof,0.63153501331401,0.5583101958587429,1,TP
137,1,EGH,scores.egh_probe_oof,0.867674644142196,0.5583101958587429,1,TP
147,1,EGH,scores.egh_probe_oof,0.9484078135866298,0.5583101958587429,1,TP
17,1,EGH,scores.egh_probe_oof,0.5934615569858036,0.5583101958587429,1,TP
173,1,EGH,scores.egh_probe_oof,1.0,0.5583101958587429,1,TP
174,1,EGH,scores.egh_probe_oof,0.6867124368473739,0.5583101958587429,1,TP
184,1,EGH,scores.egh_probe_oof,0.7596835422263002,0.5583101958587429,1,TP
207,1,EGH,scores.egh_probe_oof,0.9994974867242523,0.5583101958587429,1,TP
213,1,EGH,scores.egh_probe_oof,0.9394667137701331,0.5583101958587429,1,TP
215,1,EGH,scores.egh_probe_oof,0.8911879201675672,0.5583101958587429,1,TP
23,1,EGH,scores.egh_probe_oof,0.9724359747033565,0.5583101958587429,1,TP
231,1,EGH,scores.egh_probe_oof,0.9882582823830193,0.5583101958587429,1,TP
24,1,EGH,scores.egh_probe_oof,0.6024686822990661,0.5583101958587429,1,TP
244,1,EGH,scores.egh_probe_oof,0.7982626579255867,0.5583101958587429,1,TP
265,1,EGH,scores.egh_probe_oof,0.9998778534229692,0.5583101958587429,1,TP
29,1,EGH,scores.egh_probe_oof,0.5583101958587429,0.5583101958587429,1,TP
301,1,EGH,scores.egh_probe_oof,0.7428515406521478,0.5583101958587429,1,TP
302,1,EGH,scores.egh_probe_oof,0.9928328357674949,0.5583101958587429,1,TP
306,1,EGH,scores.egh_probe_oof,0.8523648891249173,0.5583101958587429,1,TP
307,1,EGH,scores.egh_probe_oof,0.7739547936261095,0.5583101958587429,1,TP
308,1,EGH,scores.egh_probe_oof,0.6768975126808978,0.5583101958587429,1,TP
312,1,EGH,scores.egh_probe_oof,0.9771896440949623,0.5583101958587429,1,TP
327,1,EGH,scores.egh_probe_oof,0.5893755882528005,0.5583101958587429,1,TP
357,1,EGH,scores.egh_probe_oof,0.6868027221260143,0.5583101958587429,1,TP
358,1,EGH,scores.egh_probe_oof,0.9907413854929643,0.5583101958587429,1,TP
359,1,EGH,scores.egh_probe_oof,0.7205281461531177,0.5583101958587429,1,TP
374,1,EGH,scores.egh_probe_oof,0.5616671367611231,0.5583101958587429,1,TP
375,1,EGH,scores.egh_probe_oof,0.911887999255268,0.5583101958587429,1,TP
378,1,EGH,scores.egh_probe_oof,0.9677430896346677,0.5583101958587429,1,TP
383,1,EGH,scores.egh_probe_oof,0.9938539905224962,0.5583101958587429,1,TP
395,1,EGH,scores.egh_probe_oof,0.621476760779447,0.5583101958587429,1,TP
397,1,EGH,scores.egh_probe_oof,0.8498056406394856,0.5583101958587429,1,TP
398,1,EGH,scores.egh_probe_oof,0.995588520332133,0.5583101958587429,1,TP
401,1,EGH,scores.egh_probe_oof,0.6348775249563317,0.5583101958587429,1,TP
403,1,EGH,scores.egh_probe_oof,0.9963575844337068,0.5583101958587429,1,TP
414,1,EGH,scores.egh_probe_oof,0.995538151679263,0.5583101958587429,1,TP
415,1,EGH,scores.egh_probe_oof,0.9971326509573928,0.5583101958587429,1,TP
422,1,EGH,scores.egh_probe_oof,0.9973734235343072,0.5583101958587429,1,TP
423,1,EGH,scores.egh_probe_oof,0.9997622718799196,0.5583101958587429,1,TP
424,1,EGH,scores.egh_probe_oof,0.7770199556941942,0.5583101958587429,1,TP
427,1,EGH,scores.egh_probe_oof,0.9995059359491735,0.5583101958587429,1,TP
435,1,EGH,scores.egh_probe_oof,0.999937529568757,0.5583101958587429,1,TP
436,1,EGH,scores.egh_probe_oof,0.9989512008125291,0.5583101958587429,1,TP
440,1,EGH,scores.egh_probe_oof,0.7502787966157504,0.5583101958587429,1,TP
446,1,EGH,scores.egh_probe_oof,0.8539693532971567,0.5583101958587429,1,TP
447,1,EGH,scores.egh_probe_oof,0.9991917384574016,0.5583101958587429,1,TP
449,1,EGH,scores.egh_probe_oof,0.8322759016179403,0.5583101958587429,1,TP
456,1,EGH,scores.egh_probe_oof,0.9742288409279639,0.5583101958587429,1,TP
468,1,EGH,scores.egh_probe_oof,0.6095119803745959,0.5583101958587429,1,TP
477,1,EGH,scores.egh_probe_oof,0.9010028713605318,0.5583101958587429,1,TP
481,1,EGH,scores.egh_probe_oof,0.8338593375819127,0.5583101958587429,1,TP
489,1,EGH,scores.egh_probe_oof,0.8706720583079938,0.5583101958587429,1,TP
494,1,EGH,scores.egh_probe_oof,0.9759191315783239,0.5583101958587429,1,TP
5,1,EGH,scores.egh_probe_oof,0.9744297865104287,0.5583101958587429,1,TP
503,1,EGH,scores.egh_probe_oof,0.7103739182591308,0.5583101958587429,1,TP
513,1,EGH,scores.egh_probe_oof,0.7337707313730852,0.5583101958587429,1,TP
542,1,EGH,scores.egh_probe_oof,0.7299905966335408,0.5583101958587429,1,TP
544,1,EGH,scores.egh_probe_oof,0.660063131848512,0.5583101958587429,1,TP
547,1,EGH,scores.egh_probe_oof,0.9945287880833559,0.5583101958587429,1,TP
548,1,EGH,scores.egh_probe_oof,0.9996496007730006,0.5583101958587429,1,TP
559,1,EGH,scores.egh_probe_oof,0.9888348165944261,0.5583101958587429,1,TP
560,1,EGH,scores.egh_probe_oof,0.9993352535189978,0.5583101958587429,1,TP
583,1,EGH,scores.egh_probe_oof,0.9994092171761156,0.5583101958587429,1,TP
584,1,EGH,scores.egh_probe_oof,0.9998399630212871,0.5583101958587429,1,TP
586,1,EGH,scores.egh_probe_oof,0.9447406011957555,0.5583101958587429,1,TP
588,1,EGH,scores.egh_probe_oof,0.9988894162646164,0.5583101958587429,1,TP
592,1,EGH,scores.egh_probe_oof,0.9995996731917695,0.5583101958587429,1,TP
593,1,EGH,scores.egh_probe_oof,0.8354550569596841,0.5583101958587429,1,TP
599,1,EGH,scores.egh_probe_oof,0.9995564730863212,0.5583101958587429,1,TP
600,1,EGH,scores.egh_probe_oof,0.9913756786932568,0.5583101958587429,1,TP
601,1,EGH,scores.egh_probe_oof,0.6506261148156399,0.5583101958587429,1,TP
612,1,EGH,scores.egh_probe_oof,0.9229371591418468,0.5583101958587429,1,TP
615,1,EGH,scores.egh_probe_oof,0.9251666814083135,0.5583101958587429,1,TP
617,1,EGH,scores.egh_probe_oof,0.976762471483844,0.5583101958587429,1,TP
620,1,EGH,scores.egh_probe_oof,0.9486716130208402,0.5583101958587429,1,TP
622,1,EGH,scores.egh_probe_oof,0.9544567116278728,0.5583101958587429,1,TP
624,1,EGH,scores.egh_probe_oof,0.9604724888727434,0.5583101958587429,1,TP
625,1,EGH,scores.egh_probe_oof,0.9995058933605091,0.5583101958587429,1,TP
627,1,EGH,scores.egh_probe_oof,0.9891262064370315,0.5583101958587429,1,TP
628,1,EGH,scores.egh_probe_oof,0.7832739687780059,0.5583101958587429,1,TP
632,1,EGH,scores.egh_probe_oof,0.9995314039539602,0.5583101958587429,1,TP
64,1,EGH,scores.egh_probe_oof,0.997902489323613,0.5583101958587429,1,TP
646,1,EGH,scores.egh_probe_oof,0.599113547378201,0.5583101958587429,1,TP
648,1,EGH,scores.egh_probe_oof,0.7138161124955709,0.5583101958587429,1,TP
679,1,EGH,scores.egh_probe_oof,0.961875787184331,0.5583101958587429,1,TP
683,1,EGH,scores.egh_probe_oof,0.9770261245796148,0.5583101958587429,1,TP
685,1,EGH,scores.egh_probe_oof,0.7994313539233512,0.5583101958587429,1,TP
691,1,EGH,scores.egh_probe_oof,0.5926744619483042,0.5583101958587429,1,TP
716,1,EGH,scores.egh_probe_oof,0.5688165783785137,0.5583101958587429,1,TP
770,1,EGH,scores.egh_probe_oof,0.9864142013141695,0.5583101958587429,1,TP
783,1,EGH,scores.egh_probe_oof,0.6875864917762687,0.5583101958587429,1,TP
793,1,EGH,scores.egh_probe_oof,0.9452550790223488,0.5583101958587429,1,TP
8,1,EGH,scores.egh_probe_oof,1.0,0.5583101958587429,1,TP
810,1,EGH,scores.egh_probe_oof,0.999642204344676,0.5583101958587429,1,TP
812,1,EGH,scores.egh_probe_oof,0.999976723532088,0.5583101958587429,1,TP
814,1,EGH,scores.egh_probe_oof,0.9992377797191632,0.5583101958587429,1,TP
92,1,EGH,scores.egh_probe_oof,0.8495581001133297,0.5583101958587429,1,TP
138,0,Hidden,scores.hidden_probe_oof,0.002897269154993521,0.12958998439632516,0,TN
140,0,Hidden,scores.hidden_probe_oof,0.06067343676082458,0.12958998439632516,0,TN
149,0,Hidden,scores.hidden_probe_oof,0.00018732576603211,0.12958998439632516,0,TN
150,0,Hidden,scores.hidden_probe_oof,0.0009065616390592412,0.12958998439632516,0,TN
164,0,Hidden,scores.hidden_probe_oof,0.06945408905275177,0.12958998439632516,0,TN
171,0,Hidden,scores.hidden_probe_oof,0.00014570543280826876,0.12958998439632516,0,TN
172,0,Hidden,scores.hidden_probe_oof,0.0047464845732360685,0.12958998439632516,0,TN
180,0,Hidden,scores.hidden_probe_oof,0.008426150085126847,0.12958998439632516,0,TN
191,0,Hidden,scores.hidden_probe_oof,0.015864587260544613,0.12958998439632516,0,TN
192,0,Hidden,scores.hidden_probe_oof,0.001212964671780374,0.12958998439632516,0,TN
198,0,Hidden,scores.hidden_probe_oof,0.0024560133408566033,0.12958998439632516,0,TN
199,0,Hidden,scores.hidden_probe_oof,0.0006363640458927597,0.12958998439632516,0,TN
200,0,Hidden,scores.hidden_probe_oof,0.07328641821972377,0.12958998439632516,0,TN
229,0,Hidden,scores.hidden_probe_oof,0.0044249286063315655,0.12958998439632516,0,TN
232,0,Hidden,scores.hidden_probe_oof,0.0002693203757650572,0.12958998439632516,0,TN
239,0,Hidden,scores.hidden_probe_oof,0.003360722539836223,0.12958998439632516,0,TN
241,0,Hidden,scores.hidden_probe_oof,0.005464668052969651,0.12958998439632516,0,TN
247,0,Hidden,scores.hidden_probe_oof,0.02048290633550167,0.12958998439632516,0,TN
262,0,Hidden,scores.hidden_probe_oof,0.0032923023311993206,0.12958998439632516,0,TN
263,0,Hidden,scores.hidden_probe_oof,0.026289401647422432,0.12958998439632516,0,TN
272,0,Hidden,scores.hidden_probe_oof,0.04928902229509612,0.12958998439632516,0,TN
277,0,Hidden,scores.hidden_probe_oof,0.0008999792187857665,0.12958998439632516,0,TN
280,0,Hidden,scores.hidden_probe_oof,0.004786356986455666,0.12958998439632516,0,TN
290,0,Hidden,scores.hidden_probe_oof,0.04867560815578946,0.12958998439632516,0,TN
293,0,Hidden,scores.hidden_probe_oof,0.0439498636621846,0.12958998439632516,0,TN
294,0,Hidden,scores.hidden_probe_oof,0.011113225383260499,0.12958998439632516,0,TN
315,0,Hidden,scores.hidden_probe_oof,0.048893495350426995,0.12958998439632516,0,TN
316,0,Hidden,scores.hidden_probe_oof,0.11252850787499623,0.12958998439632516,0,TN
329,0,Hidden,scores.hidden_probe_oof,0.018223831973560766,0.12958998439632516,0,TN
40,0,Hidden,scores.hidden_probe_oof,0.002934665869821808,0.12958998439632516,0,TN
406,0,Hidden,scores.hidden_probe_oof,0.011636155037058438,0.12958998439632516,0,TN
42,0,Hidden,scores.hidden_probe_oof,0.012510753078113342,0.12958998439632516,0,TN
45,0,Hidden,scores.hidden_probe_oof,0.00758482792102674,0.12958998439632516,0,TN
490,0,Hidden,scores.hidden_probe_oof,0.0012219004860915057,0.12958998439632516,0,TN
493,0,Hidden,scores.hidden_probe_oof,0.000194925342613004,0.12958998439632516,0,TN
499,0,Hidden,scores.hidden_probe_oof,0.11034952006154256,0.12958998439632516,0,TN
50,0,Hidden,scores.hidden_probe_oof,0.00011200951686063923,0.12958998439632516,0,TN
501,0,Hidden,scores.hidden_probe_oof,0.006801790330880754,0.12958998439632516,0,TN
504,0,Hidden,scores.hidden_probe_oof,0.041172736581331026,0.12958998439632516,0,TN
508,0,Hidden,scores.hidden_probe_oof,0.05385221971304494,0.12958998439632516,0,TN
523,0,Hidden,scores.hidden_probe_oof,0.0002296973589245771,0.12958998439632516,0,TN
524,0,Hidden,scores.hidden_probe_oof,2.3227167290242025e-06,0.12958998439632516,0,TN
525,0,Hidden,scores.hidden_probe_oof,0.001384389320984071,0.12958998439632516,0,TN
528,0,Hidden,scores.hidden_probe_oof,0.004668702306982894,0.12958998439632516,0,TN
530,0,Hidden,scores.hidden_probe_oof,0.0004262820049783356,0.12958998439632516,0,TN
532,0,Hidden,scores.hidden_probe_oof,0.002497322824616683,0.12958998439632516,0,TN
533,0,Hidden,scores.hidden_probe_oof,0.0007375234942220011,0.12958998439632516,0,TN
550,0,Hidden,scores.hidden_probe_oof,0.004699028167387936,0.12958998439632516,0,TN
554,0,Hidden,scores.hidden_probe_oof,0.0012546157675561703,0.12958998439632516,0,TN
555,0,Hidden,scores.hidden_probe_oof,0.02929667720004371,0.12958998439632516,0,TN
56,0,Hidden,scores.hidden_probe_oof,0.00016816566470400062,0.12958998439632516,0,TN
571,0,Hidden,scores.hidden_probe_oof,0.018548916627145088,0.12958998439632516,0,TN
579,0,Hidden,scores.hidden_probe_oof,0.00016249895105340106,0.12958998439632516,0,TN
602,0,Hidden,scores.hidden_probe_oof,0.08563861369165786,0.12958998439632516,0,TN
608,0,Hidden,scores.hidden_probe_oof,0.037284282576426034,0.12958998439632516,0,TN
638,0,Hidden,scores.hidden_probe_oof,0.00808284586644199,0.12958998439632516,0,TN
651,0,Hidden,scores.hidden_probe_oof,0.016746507039346152,0.12958998439632516,0,TN
659,0,Hidden,scores.hidden_probe_oof,8.633936139029215e-05,0.12958998439632516,0,TN
661,0,Hidden,scores.hidden_probe_oof,0.11476635617011563,0.12958998439632516,0,TN
662,0,Hidden,scores.hidden_probe_oof,0.020077225688189395,0.12958998439632516,0,TN
664,0,Hidden,scores.hidden_probe_oof,2.3835494956229195e-05,0.12958998439632516,0,TN
668,0,Hidden,scores.hidden_probe_oof,0.026141012533001738,0.12958998439632516,0,TN
676,0,Hidden,scores.hidden_probe_oof,0.03841646925711303,0.12958998439632516,0,TN
678,0,Hidden,scores.hidden_probe_oof,0.003227357593203997,0.12958998439632516,0,TN
712,0,Hidden,scores.hidden_probe_oof,0.005636509305469476,0.12958998439632516,0,TN
724,0,Hidden,scores.hidden_probe_oof,0.008393121525433145,0.12958998439632516,0,TN
735,0,Hidden,scores.hidden_probe_oof,0.014943641962735392,0.12958998439632516,0,TN
736,0,Hidden,scores.hidden_probe_oof,0.11335429860702484,0.12958998439632516,0,TN
741,0,Hidden,scores.hidden_probe_oof,0.023768132770041778,0.12958998439632516,0,TN
742,0,Hidden,scores.hidden_probe_oof,0.0014483452505508706,0.12958998439632516,0,TN
748,0,Hidden,scores.hidden_probe_oof,0.10885054828489504,0.12958998439632516,0,TN
753,0,Hidden,scores.hidden_probe_oof,0.05058974497864776,0.12958998439632516,0,TN
78,0,Hidden,scores.hidden_probe_oof,7.961765335120184e-05,0.12958998439632516,0,TN
781,0,Hidden,scores.hidden_probe_oof,0.0004998559655266501,0.12958998439632516,0,TN
85,0,Hidden,scores.hidden_probe_oof,0.016442446945143793,0.12958998439632516,0,TN
88,0,Hidden,scores.hidden_probe_oof,0.00041830517044894836,0.12958998439632516,0,TN
162,1,Hidden,scores.hidden_probe_oof,0.010164957125983682,0.12958998439632516,0,FN
221,1,Hidden,scores.hidden_probe_oof,0.018989900962673556,0.12958998439632516,0,FN
237,1,Hidden,scores.hidden_probe_oof,0.02583464445583845,0.12958998439632516,0,FN
452,1,Hidden,scores.hidden_probe_oof,0.0001687937284929467,0.12958998439632516,0,FN
458,1,Hidden,scores.hidden_probe_oof,1.2471746902660088e-05,0.12958998439632516,0,FN
466,1,Hidden,scores.hidden_probe_oof,0.0758077365670657,0.12958998439632516,0,FN
49,1,Hidden,scores.hidden_probe_oof,0.05437323747372189,0.12958998439632516,0,FN
507,1,Hidden,scores.hidden_probe_oof,0.04265290304946907,0.12958998439632516,0,FN
539,1,Hidden,scores.hidden_probe_oof,0.0017620809524604981,0.12958998439632516,0,FN
556,1,Hidden,scores.hidden_probe_oof,0.095074273736213,0.12958998439632516,0,FN
605,1,Hidden,scores.hidden_probe_oof,0.1035303869304627,0.12958998439632516,0,FN
691,1,Hidden,scores.hidden_probe_oof,0.04501488069878636,0.12958998439632516,0,FN
695,1,Hidden,scores.hidden_probe_oof,0.01730638335322253,0.12958998439632516,0,FN
74,1,Hidden,scores.hidden_probe_oof,0.014352558210214344,0.12958998439632516,0,FN
740,1,Hidden,scores.hidden_probe_oof,0.0461049659026053,0.12958998439632516,0,FN
763,1,Hidden,scores.hidden_probe_oof,0.058818618027432455,0.12958998439632516,0,FN
774,1,Hidden,scores.hidden_probe_oof,0.0006243153271021843,0.12958998439632516,0,FN
799,1,Hidden,scores.hidden_probe_oof,0.10053415932216615,0.12958998439632516,0,FN
805,1,Hidden,scores.hidden_probe_oof,0.00171224849553099,0.12958998439632516,0,FN
84,1,Hidden,scores.hidden_probe_oof,0.0015018131308301955,0.12958998439632516,0,FN
10,0,Hidden,scores.hidden_probe_oof,0.7600780453597279,0.12958998439632516,1,FP
115,0,Hidden,scores.hidden_probe_oof,0.7142978683653483,0.12958998439632516,1,FP
148,0,Hidden,scores.hidden_probe_oof,0.8917648136091001,0.12958998439632516,1,FP
151,0,Hidden,scores.hidden_probe_oof,0.1851534955770289,0.12958998439632516,1,FP
152,0,Hidden,scores.hidden_probe_oof,0.5938817170760554,0.12958998439632516,1,FP
16,0,Hidden,scores.hidden_probe_oof,0.3608808664139517,0.12958998439632516,1,FP
185,0,Hidden,scores.hidden_probe_oof,0.6288128267022627,0.12958998439632516,1,FP
188,0,Hidden,scores.hidden_probe_oof,0.22416771890832055,0.12958998439632516,1,FP
201,0,Hidden,scores.hidden_probe_oof,0.32236900007118385,0.12958998439632516,1,FP
209,0,Hidden,scores.hidden_probe_oof,0.8553842140657317,0.12958998439632516,1,FP
212,0,Hidden,scores.hidden_probe_oof,0.6979760324387606,0.12958998439632516,1,FP
227,0,Hidden,scores.hidden_probe_oof,0.998717727001635,0.12958998439632516,1,FP
249,0,Hidden,scores.hidden_probe_oof,0.9925937608531215,0.12958998439632516,1,FP
264,0,Hidden,scores.hidden_probe_oof,0.9776516175128633,0.12958998439632516,1,FP
268,0,Hidden,scores.hidden_probe_oof,0.35263042985545023,0.12958998439632516,1,FP
28,0,Hidden,scores.hidden_probe_oof,0.8536464033697954,0.12958998439632516,1,FP
299,0,Hidden,scores.hidden_probe_oof,0.23389496025379997,0.12958998439632516,1,FP
31,0,Hidden,scores.hidden_probe_oof,0.1405061080936677,0.12958998439632516,1,FP
311,0,Hidden,scores.hidden_probe_oof,0.8501803377549393,0.12958998439632516,1,FP
325,0,Hidden,scores.hidden_probe_oof,0.9962054301522035,0.12958998439632516,1,FP
33,0,Hidden,scores.hidden_probe_oof,0.194277939233751,0.12958998439632516,1,FP
333,0,Hidden,scores.hidden_probe_oof,0.8104931717171896,0.12958998439632516,1,FP
335,0,Hidden,scores.hidden_probe_oof,0.20880052650396885,0.12958998439632516,1,FP
350,0,Hidden,scores.hidden_probe_oof,0.4479053779469188,0.12958998439632516,1,FP
36,0,Hidden,scores.hidden_probe_oof,0.9570267598508326,0.12958998439632516,1,FP
365,0,Hidden,scores.hidden_probe_oof,0.9911093243783518,0.12958998439632516,1,FP
368,0,Hidden,scores.hidden_probe_oof,0.22133931443183555,0.12958998439632516,1,FP
372,0,Hidden,scores.hidden_probe_oof,0.6069668333426916,0.12958998439632516,1,FP
386,0,Hidden,scores.hidden_probe_oof,0.9228939830142772,0.12958998439632516,1,FP
391,0,Hidden,scores.hidden_probe_oof,0.9972367492475688,0.12958998439632516,1,FP
393,0,Hidden,scores.hidden_probe_oof,0.9909959897144008,0.12958998439632516,1,FP
402,0,Hidden,scores.hidden_probe_oof,0.9975744118492065,0.12958998439632516,1,FP
407,0,Hidden,scores.hidden_probe_oof,0.9987922135710731,0.12958998439632516,1,FP
409,0,Hidden,scores.hidden_probe_oof,0.9734859803702828,0.12958998439632516,1,FP
417,0,Hidden,scores.hidden_probe_oof,0.9994818780943572,0.12958998439632516,1,FP
421,0,Hidden,scores.hidden_probe_oof,0.999635737531846,0.12958998439632516,1,FP
43,0,Hidden,scores.hidden_probe_oof,0.26321914198280355,0.12958998439632516,1,FP
430,0,Hidden,scores.hidden_probe_oof,0.9999472330652827,0.12958998439632516,1,FP
431,0,Hidden,scores.hidden_probe_oof,0.9701388088906353,0.12958998439632516,1,FP
443,0,Hidden,scores.hidden_probe_oof,0.9995077402796995,0.12958998439632516,1,FP
444,0,Hidden,scores.hidden_probe_oof,0.9780360997756645,0.12958998439632516,1,FP
460,0,Hidden,scores.hidden_probe_oof,0.9857572909754,0.12958998439632516,1,FP
463,0,Hidden,scores.hidden_probe_oof,0.8501479727231385,0.12958998439632516,1,FP
467,0,Hidden,scores.hidden_probe_oof,0.6267238017425283,0.12958998439632516,1,FP
472,0,Hidden,scores.hidden_probe_oof,0.9988897458770689,0.12958998439632516,1,FP
483,0,Hidden,scores.hidden_probe_oof,0.6542098925282164,0.12958998439632516,1,FP
520,0,Hidden,scores.hidden_probe_oof,0.9163972913291005,0.12958998439632516,1,FP
535,0,Hidden,scores.hidden_probe_oof,0.9938324376489484,0.12958998439632516,1,FP
538,0,Hidden,scores.hidden_probe_oof,0.7266285117034489,0.12958998439632516,1,FP
553,0,Hidden,scores.hidden_probe_oof,0.34961484235551926,0.12958998439632516,1,FP
569,0,Hidden,scores.hidden_probe_oof,0.6619568306832824,0.12958998439632516,1,FP
572,0,Hidden,scores.hidden_probe_oof,0.14845995753355895,0.12958998439632516,1,FP
576,0,Hidden,scores.hidden_probe_oof,0.8596861263795458,0.12958998439632516,1,FP
585,0,Hidden,scores.hidden_probe_oof,0.6422309882784835,0.12958998439632516,1,FP
629,0,Hidden,scores.hidden_probe_oof,0.9998601050491686,0.12958998439632516,1,FP
641,0,Hidden,scores.hidden_probe_oof,0.18384117789958637,0.12958998439632516,1,FP
657,0,Hidden,scores.hidden_probe_oof,0.17170627785515583,0.12958998439632516,1,FP
673,0,Hidden,scores.hidden_probe_oof,0.9967218951297009,0.12958998439632516,1,FP
689,0,Hidden,scores.hidden_probe_oof,0.8790695125098477,0.12958998439632516,1,FP
694,0,Hidden,scores.hidden_probe_oof,0.14791592324446393,0.12958998439632516,1,FP
698,0,Hidden,scores.hidden_probe_oof,0.6732837700563867,0.12958998439632516,1,FP
700,0,Hidden,scores.hidden_probe_oof,0.9732924291422933,0.12958998439632516,1,FP
707,0,Hidden,scores.hidden_probe_oof,0.9571336787293062,0.12958998439632516,1,FP
726,0,Hidden,scores.hidden_probe_oof,0.7675412681841205,0.12958998439632516,1,FP
739,0,Hidden,scores.hidden_probe_oof,0.3421881139490727,0.12958998439632516,1,FP
745,0,Hidden,scores.hidden_probe_oof,0.19590178866907057,0.12958998439632516,1,FP
746,0,Hidden,scores.hidden_probe_oof,0.9736330686246053,0.12958998439632516,1,FP
762,0,Hidden,scores.hidden_probe_oof,0.9746775513544989,0.12958998439632516,1,FP
772,0,Hidden,scores.hidden_probe_oof,0.398402508975018,0.12958998439632516,1,FP
787,0,Hidden,scores.hidden_probe_oof,0.8467885822230002,0.12958998439632516,1,FP
803,0,Hidden,scores.hidden_probe_oof,0.4531715030764692,0.12958998439632516,1,FP
808,0,Hidden,scores.hidden_probe_oof,0.1435983784639399,0.12958998439632516,1,FP
816,0,Hidden,scores.hidden_probe_oof,0.8670871527313353,0.12958998439632516,1,FP
86,0,Hidden,scores.hidden_probe_oof,0.7559638732442654,0.12958998439632516,1,FP
9,0,Hidden,scores.hidden_probe_oof,0.9233243967218372,0.12958998439632516,1,FP
101,1,Hidden,scores.hidden_probe_oof,0.9997943519319059,0.12958998439632516,1,TP
105,1,Hidden,scores.hidden_probe_oof,0.9951163149511679,0.12958998439632516,1,TP
106,1,Hidden,scores.hidden_probe_oof,0.999722553653297,0.12958998439632516,1,TP
110,1,Hidden,scores.hidden_probe_oof,0.9802889416830024,0.12958998439632516,1,TP
118,1,Hidden,scores.hidden_probe_oof,0.17767343070155897,0.12958998439632516,1,TP
119,1,Hidden,scores.hidden_probe_oof,0.25580774361077563,0.12958998439632516,1,TP
124,1,Hidden,scores.hidden_probe_oof,0.7095339492273183,0.12958998439632516,1,TP
129,1,Hidden,scores.hidden_probe_oof,0.9999010282714778,0.12958998439632516,1,TP
13,1,Hidden,scores.hidden_probe_oof,0.9902258921372465,0.12958998439632516,1,TP
132,1,Hidden,scores.hidden_probe_oof,0.8500716764290486,0.12958998439632516,1,TP
137,1,Hidden,scores.hidden_probe_oof,0.7100079458756933,0.12958998439632516,1,TP
147,1,Hidden,scores.hidden_probe_oof,0.9587020583169655,0.12958998439632516,1,TP
155,1,Hidden,scores.hidden_probe_oof,0.3990517431601341,0.12958998439632516,1,TP
17,1,Hidden,scores.hidden_probe_oof,0.7914778543542245,0.12958998439632516,1,TP
173,1,Hidden,scores.hidden_probe_oof,0.9841574275550058,0.12958998439632516,1,TP
174,1,Hidden,scores.hidden_probe_oof,0.9928098755676976,0.12958998439632516,1,TP
177,1,Hidden,scores.hidden_probe_oof,0.3673557699003057,0.12958998439632516,1,TP
184,1,Hidden,scores.hidden_probe_oof,0.9986425779562287,0.12958998439632516,1,TP
193,1,Hidden,scores.hidden_probe_oof,0.17457807269035563,0.12958998439632516,1,TP
207,1,Hidden,scores.hidden_probe_oof,0.996639089698279,0.12958998439632516,1,TP
213,1,Hidden,scores.hidden_probe_oof,0.9913351228887705,0.12958998439632516,1,TP
215,1,Hidden,scores.hidden_probe_oof,0.8551348514556284,0.12958998439632516,1,TP
23,1,Hidden,scores.hidden_probe_oof,0.9520820388374972,0.12958998439632516,1,TP
231,1,Hidden,scores.hidden_probe_oof,0.9535716391285806,0.12958998439632516,1,TP
236,1,Hidden,scores.hidden_probe_oof,0.19533712559248262,0.12958998439632516,1,TP
24,1,Hidden,scores.hidden_probe_oof,0.9919786595206078,0.12958998439632516,1,TP
244,1,Hidden,scores.hidden_probe_oof,0.6608598102665131,0.12958998439632516,1,TP
251,1,Hidden,scores.hidden_probe_oof,0.5967397614374579,0.12958998439632516,1,TP
256,1,Hidden,scores.hidden_probe_oof,0.22574687334886345,0.12958998439632516,1,TP
265,1,Hidden,scores.hidden_probe_oof,0.9979518938056038,0.12958998439632516,1,TP
29,1,Hidden,scores.hidden_probe_oof,0.8114137508091854,0.12958998439632516,1,TP
301,1,Hidden,scores.hidden_probe_oof,0.9362108667672978,0.12958998439632516,1,TP
302,1,Hidden,scores.hidden_probe_oof,0.9910842576279344,0.12958998439632516,1,TP
306,1,Hidden,scores.hidden_probe_oof,0.9625445964366559,0.12958998439632516,1,TP
307,1,Hidden,scores.hidden_probe_oof,0.86817814095319,0.12958998439632516,1,TP
308,1,Hidden,scores.hidden_probe_oof,0.6519922095429964,0.12958998439632516,1,TP
312,1,Hidden,scores.hidden_probe_oof,0.9258111482701248,0.12958998439632516,1,TP
327,1,Hidden,scores.hidden_probe_oof,0.25078973754933304,0.12958998439632516,1,TP
355,1,Hidden,scores.hidden_probe_oof,0.5149608080886158,0.12958998439632516,1,TP
357,1,Hidden,scores.hidden_probe_oof,0.9872028597127694,0.12958998439632516,1,TP
358,1,Hidden,scores.hidden_probe_oof,0.355613727270495,0.12958998439632516,1,TP
359,1,Hidden,scores.hidden_probe_oof,0.998939919302531,0.12958998439632516,1,TP
369,1,Hidden,scores.hidden_probe_oof,0.6961155081045015,0.12958998439632516,1,TP
374,1,Hidden,scores.hidden_probe_oof,0.5578575930005348,0.12958998439632516,1,TP
375,1,Hidden,scores.hidden_probe_oof,0.9784616616668614,0.12958998439632516,1,TP
378,1,Hidden,scores.hidden_probe_oof,0.9865377995515839,0.12958998439632516,1,TP
383,1,Hidden,scores.hidden_probe_oof,0.9993750414481312,0.12958998439632516,1,TP
39,1,Hidden,scores.hidden_probe_oof,0.12958998439632516,0.12958998439632516,1,TP
392,1,Hidden,scores.hidden_probe_oof,0.912376721763831,0.12958998439632516,1,TP
395,1,Hidden,scores.hidden_probe_oof,0.8778370060782699,0.12958998439632516,1,TP
396,1,Hidden,scores.hidden_probe_oof,0.15819014515742758,0.12958998439632516,1,TP
397,1,Hidden,scores.hidden_probe_oof,0.9903731443373823,0.12958998439632516,1,TP
398,1,Hidden,scores.hidden_probe_oof,0.9982309092827177,0.12958998439632516,1,TP
401,1,Hidden,scores.hidden_probe_oof,0.2537555684160783,0.12958998439632516,1,TP
403,1,Hidden,scores.hidden_probe_oof,0.5344888711202397,0.12958998439632516,1,TP
404,1,Hidden,scores.hidden_probe_oof,0.7301665726236051,0.12958998439632516,1,TP
411,1,Hidden,scores.hidden_probe_oof,0.9387884822638071,0.12958998439632516,1,TP
414,1,Hidden,scores.hidden_probe_oof,0.9696487612719906,0.12958998439632516,1,TP
415,1,Hidden,scores.hidden_probe_oof,0.9943381348878062,0.12958998439632516,1,TP
422,1,Hidden,scores.hidden_probe_oof,0.9966219690861551,0.12958998439632516,1,TP
423,1,Hidden,scores.hidden_probe_oof,0.9955149414040151,0.12958998439632516,1,TP
424,1,Hidden,scores.hidden_probe_oof,0.5338421607345929,0.12958998439632516,1,TP
427,1,Hidden,scores.hidden_probe_oof,0.9998538610175366,0.12958998439632516,1,TP
428,1,Hidden,scores.hidden_probe_oof,0.13194443765261438,0.12958998439632516,1,TP
435,1,Hidden,scores.hidden_probe_oof,0.9986440656314098,0.12958998439632516,1,TP
436,1,Hidden,scores.hidden_probe_oof,0.9999876026741844,0.12958998439632516,1,TP
440,1,Hidden,scores.hidden_probe_oof,0.8485225312928603,0.12958998439632516,1,TP
446,1,Hidden,scores.hidden_probe_oof,0.7300794428447287,0.12958998439632516,1,TP
447,1,Hidden,scores.hidden_probe_oof,0.9892150969718604,0.12958998439632516,1,TP
449,1,Hidden,scores.hidden_probe_oof,0.9843031328113837,0.12958998439632516,1,TP
456,1,Hidden,scores.hidden_probe_oof,0.9859891956215837,0.12958998439632516,1,TP
468,1,Hidden,scores.hidden_probe_oof,0.9602011039843914,0.12958998439632516,1,TP
477,1,Hidden,scores.hidden_probe_oof,0.8078277091533448,0.12958998439632516,1,TP
481,1,Hidden,scores.hidden_probe_oof,0.9727414523236413,0.12958998439632516,1,TP
489,1,Hidden,scores.hidden_probe_oof,0.3454357014403812,0.12958998439632516,1,TP
494,1,Hidden,scores.hidden_probe_oof,0.13466645045615733,0.12958998439632516,1,TP
5,1,Hidden,scores.hidden_probe_oof,0.31629070822622335,0.12958998439632516,1,TP
503,1,Hidden,scores.hidden_probe_oof,0.13816996264926035,0.12958998439632516,1,TP
513,1,Hidden,scores.hidden_probe_oof,0.1303910494855167,0.12958998439632516,1,TP
531,1,Hidden,scores.hidden_probe_oof,0.14439524944499083,0.12958998439632516,1,TP
542,1,Hidden,scores.hidden_probe_oof,0.2740130131616237,0.12958998439632516,1,TP
544,1,Hidden,scores.hidden_probe_oof,0.8588113172313433,0.12958998439632516,1,TP
547,1,Hidden,scores.hidden_probe_oof,0.999214022006186,0.12958998439632516,1,TP
548,1,Hidden,scores.hidden_probe_oof,0.9999810314883784,0.12958998439632516,1,TP
559,1,Hidden,scores.hidden_probe_oof,0.6113302549396795,0.12958998439632516,1,TP
560,1,Hidden,scores.hidden_probe_oof,0.27990378475571076,0.12958998439632516,1,TP
561,1,Hidden,scores.hidden_probe_oof,0.7009410681789845,0.12958998439632516,1,TP
583,1,Hidden,scores.hidden_probe_oof,0.9984209558017757,0.12958998439632516,1,TP
584,1,Hidden,scores.hidden_probe_oof,0.9999943398843667,0.12958998439632516,1,TP
586,1,Hidden,scores.hidden_probe_oof,0.7581926460438669,0.12958998439632516,1,TP
587,1,Hidden,scores.hidden_probe_oof,0.9858287524939118,0.12958998439632516,1,TP
588,1,Hidden,scores.hidden_probe_oof,0.987570304084576,0.12958998439632516,1,TP
592,1,Hidden,scores.hidden_probe_oof,0.9765655737893523,0.12958998439632516,1,TP
593,1,Hidden,scores.hidden_probe_oof,0.9999340912021629,0.12958998439632516,1,TP
599,1,Hidden,scores.hidden_probe_oof,0.9699482788634212,0.12958998439632516,1,TP
600,1,Hidden,scores.hidden_probe_oof,0.995922998606832,0.12958998439632516,1,TP
601,1,Hidden,scores.hidden_probe_oof,0.7461342353066113,0.12958998439632516,1,TP
612,1,Hidden,scores.hidden_probe_oof,0.9940052199609992,0.12958998439632516,1,TP
615,1,Hidden,scores.hidden_probe_oof,0.9990579483629509,0.12958998439632516,1,TP
617,1,Hidden,scores.hidden_probe_oof,0.9807522661191648,0.12958998439632516,1,TP
620,1,Hidden,scores.hidden_probe_oof,0.9971197271384391,0.12958998439632516,1,TP
622,1,Hidden,scores.hidden_probe_oof,0.33186310389787016,0.12958998439632516,1,TP
624,1,Hidden,scores.hidden_probe_oof,0.9977497942606955,0.12958998439632516,1,TP
625,1,Hidden,scores.hidden_probe_oof,0.6767161929616884,0.12958998439632516,1,TP
627,1,Hidden,scores.hidden_probe_oof,0.9797377896817014,0.12958998439632516,1,TP
628,1,Hidden,scores.hidden_probe_oof,0.7667687174907527,0.12958998439632516,1,TP
632,1,Hidden,scores.hidden_probe_oof,0.8334226900343911,0.12958998439632516,1,TP
636,1,Hidden,scores.hidden_probe_oof,0.4540422378802782,0.12958998439632516,1,TP
64,1,Hidden,scores.hidden_probe_oof,0.9855170175531758,0.12958998439632516,1,TP
646,1,Hidden,scores.hidden_probe_oof,0.39652998305714554,0.12958998439632516,1,TP
648,1,Hidden,scores.hidden_probe_oof,0.3900213350491395,0.12958998439632516,1,TP
666,1,Hidden,scores.hidden_probe_oof,0.6415684344640273,0.12958998439632516,1,TP
679,1,Hidden,scores.hidden_probe_oof,0.9582522414249267,0.12958998439632516,1,TP
683,1,Hidden,scores.hidden_probe_oof,0.9460885990754333,0.12958998439632516,1,TP
685,1,Hidden,scores.hidden_probe_oof,0.8916524192260802,0.12958998439632516,1,TP
697,1,Hidden,scores.hidden_probe_oof,0.8503518721539307,0.12958998439632516,1,TP
716,1,Hidden,scores.hidden_probe_oof,0.320431432530808,0.12958998439632516,1,TP
717,1,Hidden,scores.hidden_probe_oof,0.8606815882885179,0.12958998439632516,1,TP
720,1,Hidden,scores.hidden_probe_oof,0.32822555356929184,0.12958998439632516,1,TP
731,1,Hidden,scores.hidden_probe_oof,0.21964636749511351,0.12958998439632516,1,TP
766,1,Hidden,scores.hidden_probe_oof,0.9712169335722348,0.12958998439632516,1,TP
770,1,Hidden,scores.hidden_probe_oof,0.3555753929589464,0.12958998439632516,1,TP
783,1,Hidden,scores.hidden_probe_oof,0.1333030750958587,0.12958998439632516,1,TP
793,1,Hidden,scores.hidden_probe_oof,0.9859225655031694,0.12958998439632516,1,TP
8,1,Hidden,scores.hidden_probe_oof,0.9094616203568039,0.12958998439632516,1,TP
810,1,Hidden,scores.hidden_probe_oof,0.9985619785762915,0.12958998439632516,1,TP
812,1,Hidden,scores.hidden_probe_oof,0.9474894726585146,0.12958998439632516,1,TP
814,1,Hidden,scores.hidden_probe_oof,0.9975563652852051,0.12958998439632516,1,TP
92,1,Hidden,scores.hidden_probe_oof,0.9296162802459882,0.12958998439632516,1,TP
